" The customer does not exist in the system anymore."," Khách hàng không còn sử dụng hệ thông nữa."
" [deleted]"," [xóa]"
" and "," và "
"%s (Default Template from Locale)","Template %s mặc định từ Locale"
"%s cache type(s) disabled.","Bộ nhớ cache %s đang bị vô hiệu hoá"
"%s cache type(s) enabled.","Bộ nhớ cache %s đang được kích hoạt."
"%s cache type(s) refreshed.","Bộ nhớ cache %s đã được làm mới."
"(For Type ""Local Server"" need to use relative path to Magento install var/export or var/import, e.g. var/export, var/import, var/export/some/dir, var/import/some/dir)","(For Type ""Local Server"" need to use relative path to Magento install var/export or var/import, e.g. var/export, var/import, var/export/some/dir, var/import/some/dir)"
"(For US 2-letter state names)","(For US 2-letter state names)"
"(If left empty will be auto-generated)","(Nếu để trống sẽ được tạo tự động)"
"(Leave empty for first spreadsheet)","(Để trống speadsheet đầu tiên)"
"(Products will be added/updated to this store if 'store' column is blank or missing in the import file.)","(Products will be added/updated to this store if 'store' column is blank or missing in the import file.)"
"(Shift-)Click or drag to change value","(Shift-)Click or kéo chuột để thay đổi giá trị"
"(Starting with)","(Bắt đầu với)"
"(When 'No', only mapped fields will be imported. When mapping, use 'column1', 'column2', etc.)","(When 'No', only mapped fields will be imported. When mapping, use 'column1', 'column2', etc.)"
"(You have to increase php memory_limit before changing this value)","(Bạn phải tăng bộ nhớ memory_limit của php trước khi thay đổi giá trị)"
"(\\t for tab)","(\\t nút tab)"
"* - If indexing is in progress, it will be killed and new indexing process will start.","* - If indexing is in progress, it will be killed and new indexing process will start."
"* Required Fields","* cái fields được yêu cầu"
"- Click on any of the time parts to increase it","- Click on any of the time parts to increase it"
"- Hold mouse button on any of the above buttons for faster selection.","- Hold mouse button on any of the above buttons for faster selection."
"- Use the %s buttons to select month","- Sử dụng nút %s để chọn tháng"
"- Use the %s, %s buttons to select year","- Sử dụng %s, nút %s để chọn năm"
"- or Shift-click to decrease it","- or để giảm giá trị nhấn Shift-click"
"- or click and drag for faster selection.","- or click and kéo cho lựa chọn nhanh."
"-- Not Selected --","-- Không chọn --"
"-- Please Select --","-- Xin vui lòng nhập vào --"
"-- Please Select Billing Agreement--","-- Xin vui lòng chọn Billing Agreement--"
"-- Please Select a Category --","-- Xin vui lòng chọn danh mục --"
"-- Please select --","-- Xin vui lòng chọn --"
"--Please Select--","--Xin vui lòng chọn--"
"1 Hour","1 giờ"
"12 Hours","12 giờ"
"12h AM/PM","12 giờ AM/PM"
"2 Hours","2 giờ"
"24 Hours","24 giờ"
"24h","24 giờ"
"2YTD","2YTD"
"6 Hours","6 giờ"
"<h1 class=""page-heading"">404 Error</h1><p>Page not found.</p>","<h1 class=""page-heading"">Lỗi 404</h1><p>Không tìm thấy trang.</p>"
"<strong>%s</strong> requests access to your account","Yêu cầu truy cập <strong>%s</strong> tới tài khỏan của bạn"
"<strong>Attention</strong>: Captcha is case sensitive.","<strong>Chú ý</strong>: Captcha là trường hợp nhạy cảm."
"A user with the same user name or email aleady exists.","Đã tồn tại người dùng sử dụng user_name và email này."
"API Key","API Key"
"API Key Confirmation","API Key Confirmation"
"ASCII","ASCII"
"Abandoned Carts","Abandoned Carts"
"About the calendar","About the calendar"
"Access Denied","Truy cập bị từ chối"
"Access denied","Truy cập bị từ chối"
"Access denied.","Truy cập bị từ chối."
"Account Created in:","Account Created in:"
"Account Created on (%s):","Account Created on (%s):"
"Account Created on:","Account Created on:"
"Account Information","Thông tin tài khỏan"
"Account Status","Trạng thái tài khỏan"
"Account status","Trjang thái tài khỏan"
"Action","Hành động"
"Actions","Hành động"
"Actions XML","Actions XML"
"Active","Active"
"Add","Thêm"
"Add Exception","Thêm ngọai lệ"
"Add Field Mapping","Add Field Mapping"
"Add Field with URL:","Thêm một trường vớiURL:"
"Add New","Thêm mới"
"Add New Image","Thêm mới hình ảnh"
"Add New Profile","Thêm thông tin cá nhân"
"Add New Role","Thêm vai trò"
"Add New Template","Thêm Template mới"
"Add New URL Rewrite","thêm mới URL Rewrite"
"Add New User","Thêm mới người dùng"
"Add New Variable","Thêm biến mới"
"Add Products","Thêm sản phẩm"
"Add URL Rewrite","Thêm mới URL Rewrite"
"Add URL Rewrite for a Category","Thêm URL Rewrite cho danh mục"
"Add URL Rewrite for a Product","Thêm URL Rewrite cho sản phẩm"
"Add after","Thêm after"
"Additional Cache Management","thêmCache Management"
"Address Type:","Lọai địa chỉ:"
"Admin","Admin"
"Advanced Admin Section","Advanced Admin Section"
"Advanced Profiles","Advanced Profiles"
"Advanced Section","Advanced Section"
"After authorization application will have access to you account.","After authorization application will have access to you account."
"All","Tất cả"
"All Allowed Countries","Tất cả các nước được cho phép"
"All Cache","Tất cả Cache"
"All Files","Tất cả Files"
"All Reviews","Tất cả Reviews"
"All Store Views","Tất cả Store Views"
"All Tags","Tất cả Tags"
"All Websites","Tất cả Websites"
"All countries","Tất cả các nước"
"All fields","Tất cả các trường"
"All possible rates were fetched, please click on ""Save"" to apply","Tất cả các rates tìm năng được lấy, xin vui lòng lick ""Save"" để thực thi "
"All rates were fetched, please click on ""Save"" to apply","Tất cả các rates được lấy, xin vui lòng click ""save"" để thực thi"
"All valid rates have been saved.","Tất cả các rates hợp lệ được lưu."
"Always (during development)","luôn luôn ( trong suốt quá trình phát triển )"
"Amounts","Số lượng"
"An error has occured while syncronizing media storages.","Lỗi xuất hiện khi đồng bộ hóa việc lưu trữ media."
"An error occurred while clearing the JavaScript/CSS cache.","Lỗi xuất hiện khi xóa cache javascript/Css."
"An error occurred while clearing the image cache.","Lỗi xuất hiện khi xóa cache hình ảnh."
"An error occurred while deleting URL Rewrite.","Lỗi xuất hiện khi xóa URL Rewrite."
"An error occurred while deleting email template data. Please review log and try again.","Lỗi xuất hiện khi xóa dữ liệu email template. Xin vui lòng xem lại log và thử lại"
"An error occurred while deleting record(s).","Lỗi xuất hiện khi xóa nhiều mẫu tin."
"An error occurred while deleting this role.","Lỗi xuất hiện khi xóa role này."
"An error occurred while deleting this set.","Lỗi xuất hiện khi xóa set này."
"An error occurred while deleting this template.","Lỗi xuất hiện khi xóa template này."
"An error occurred while finishing process. Please refresh the cache","Lỗi xuất hiện khi hòan thành xử lý"
"An error occurred while rebuilding the CatalogInventory Stock Status.","Lỗi xuất hiện khi chạy lại trang thái CatalogInventory Stock."
"An error occurred while rebuilding the catalog index.","Lỗi xuất hiện khi chạy lại catalog index."
"An error occurred while rebuilding the flat catalog category.","Lỗi xuất hiện khi chạy lại danh mục flat catalog."
"An error occurred while rebuilding the flat product catalog.","Lỗi xuất hiện khi chạy lại catalog flat product."
"An error occurred while rebuilding the search index.","Lỗi xuất hiện khi chạy lại mục tìm kiếm."
"An error occurred while refreshing the Catalog Rewrites.","Lỗi xuất hiện khi refresh lại Catalog Rewrite."
"An error occurred while refreshing the Layered Navigation indices.","Lỗi xuất hiện khi refresh lại mục Layered Navigation indices."
"An error occurred while refreshing the catalog rewrites.","Lỗi xuất hiện khi refresh lại catalog rewrites."
"An error occurred while refreshing the layered navigation indices.","Lỗi xuất hiện khi refresh lại mục Layered Navigation indices."
"An error occurred while saving URL Rewrite.","Lỗi xuất hiện khi lưu URL Rewrite."
"An error occurred while saving account.","Lỗi xuất hiện khi lưu tài khỏan."
"An error occurred while saving review.","Lỗi xuất hiện khi xem lại việc lưu trữ."
"An error occurred while saving the customer.","Lỗi xuất hiện khi lưu khách hàng."
"An error occurred while saving this configuration:","Lỗi xuất hiện khi lưu cấu hình này:"
"An error occurred while saving this role.","Lỗi xuất hiện khi lưu role này."
"An error occurred while saving this template.","Lỗi xuất hiện khi lưu template này."
"An error occurred while updating the selected review(s).","Lỗi xuất hiện khi cập nhật việc chọn review(s)."
"Any","Any"
"Any Attribute Set","Bất cứ Attribute Set nào"
"Any Group","Bất cứ Group nào"
"Any Status","Bất cứ Status nào"
"Any Store","Bất cứ Store nào"
"Any Type","Bất cứ Type nào"
"Any Visibility","Bất cứ Visibility nào"
"Any data created since the backup was made will be lost including admin users, customers and orders.","Bất cứ dữ liệu nào được tạo ra từ việc backup sẽ bị mất đi bao gồm admin users, customers và orders."
"Archive file name:","Nén file name:"
"Are you sure that you want to delete this template?","Bạn có chắc là muốn xóa template này?"
"Are you sure that you want to strip tags?","Bạn có chắc là muốn strip tags này?"
"Are you sure you want to do this?","Bạn có chắc là muốn làm việc này?"
"Are you sure you want to proceed?","Bạn có chắc là muốn thực hiện việc này?"
"Area","Vùng"
"As low as:","As low as:"
"Assigned","Assigned"
"Associated Tags","Associated Tags"
"Attribute Set Name:","Tên Attribute Set:"
"Attributes","Thuộc tính"
"Authorization confirmed","Xác nhận lại quyền Authorization "
"Authorize","Authorize"
"Authorize application","Authorize application"
"Authorized OAuth Tokens","Authorized OAuth Tokens"
"Automatic (equalize price ranges)","Automatic (equalize price ranges)"
"Automatic (equalize product counts)","Automatic (equalize product counts)"
"Average Order Amount","Số lượng đặt hàng mức trung bình"
"Average Orders","Đặt hàng mức trung bình"
"BINARY","Nhị phân"
"Back","Quay lại"
"Back to Login","Quay lại trang đăng nhập"
"Backup","Sao lưu lại"
"Backup Name","Sao lưu lại tên"
"Backup options","Sao lưu lại options"
"Backups","Sao lưu lại"
"Base currency","Dựa trên Tiền tệ"
"Bcc","Bcc"
"Bestsellers","Người bán giỏi nhất"
"Billing Address","Địa chỉ hóa đơn"
"Billing Address: ","Địa chỉ hóa đơn: "
"Billing Agreement","Billing Agreement"
"Billing Agreements","Billing Agreements"
"Block Information","Khóa thông tin lại"
"Both (without and with tax)","cả hai (không cần và cần tax)"
"Both IPN and PDT","cả hai IPN và PDT"
"Browse Files...","Tìm Files..."
"Bundle with dynamic pricing cannot include custom defined options. Options will not be saved.","Sản phẩm Bundle với giá động không thể bao gồm sự lựa chọn được xác định. Lựa chọn không thể lưu lại"
"CMS","CMS"
"CRITICAL","Đánh giá"
"CSV","CSV"
"CSV / Tab separated","Tách biệt CSV / Tab "
"Cache Control","Kiểm sóat Cache"
"Cache Control (beta)","Kiểm sóat Cache(beta)"
"Cache Management","Quản lý cache"
"Cache Type","Lọai Cache"
"Cancel","hủy"
"Cannot add new comment.","Không thể thêm gợi ý mới."
"Cannot add tracking number.","Cannot add tracking number."
"Cannot create an invoice without products.","Không thể tạo ra hóa đơn mà không có sản phâm."
"Cannot create credit memo for the order.","Cannot create credit memo for the order."
"Cannot delete the design change.","Không thể xóa thay đổi thiết kế."
"Cannot delete tracking number.","Cannot delete tracking number."
"Cannot do shipment for the order separately from invoice.","Cannot do shipment for the order separately from invoice."
"Cannot do shipment for the order.","Cannot do shipment for the order."
"Cannot initialize shipment for adding tracking number.","Cannot initialize shipment for adding tracking number."
"Cannot initialize shipment for delete tracking number.","Cannot initialize shipment for delete tracking number."
"Cannot load track with retrieving identifier.","Cannot load track with retrieving identifier."
"Cannot retrieve tracking number detail.","Cannot retrieve tracking number detail."
"Cannot save shipment.","Cannot save shipment."
"Cannot save the credit memo.","Cannot save the credit memo."
"Cannot send shipment information.","Cannot send shipment information."
"Cannot update item quantity.","Không thể cập nhật số lượng item."
"Cannot update the item\'s quantity.","Không thể cập nhật số lượng item."
"Catalog","Catalog"
"Catalog Price Rules","Catalog Price Rules"
"Catalog Rewrites","Catalog Rewrites"
"Categories","Danh mục"
"Category:","Danh mục:"
"Chart is disabled. If you want to enable chart, click <a href=""%s"">here</a>.","Hình bị đóng. Nếu bạn muốn mở hình lên click <a href=""%s"">ở đây</a>."
"Checkbox","Checkbox"
"Child Transactions","Giao dịch con"
"Choose Store View:","Chọn store view:"
"Choose an attribute","Chọn thuộc tính"
"Chosen category does not associated with any website, so url rewrite is not possible.","Chọn dạnh mục mà không kết hợp với bất cứ website nào, vì vậy url rewrite không có thực."
"Chosen product does not associated with any website, so url rewrite is not possible.","Chọn sản phẩm mà không kết hợp với bất cứ website nào, vì vậy url rewrite không có thực."
"Clear","Xóa"
"Close","Đóng"
"Comment text field cannot be empty.","Trường comment không được để trống."
"Complete","Hòan thành"
"Config form fieldset clone model required to be able to clone fields","Config form fieldset clone model required to be able to clone fields"
"Configuration","Cấu hình"
"Confirm New Password","Xác định là Password mới"
"Confirm token authorization Pop Up for admin","Xác định lại quyền token Pop Up cho admin"
"Confirm token authorization for admin","Xác định lại quyền token Pop Up cho admin"
"Confirmation Of Authorization","Xác định là quyền đăng nhập"
"Confirmed email:","Xác định lại email:"
"Connect with the Magento Community","Kết nối với cộng đồng magento"
"Continue","Tiếp tục"
"Convert to Plain Text","Chuyển thành Plain Text"
"Cookie (unsafe)","Cookie (unsafe)"
"Country","Quốc gia"
"Country:","Quốc gia:"
"Coupons","Coupons"
"Create","Tạo ra"
"Create DB Backup","Tạo ra bản sao lưu cơ sở dữ liệu"
"Create New Attribute","Tạo ra thuộc tính mới"
"Create URL Rewrite:","Tạo ra URL Rewrite:"
"Created At","Tạo ra "
"Credit Card %s","Credit Card %s"
"Credit Memo History","Credit Memo History"
"Credit Memo Totals","Credit Memo Totals"
"Credit Memos","Credit Memos"
"Credit memo #%s comment added","Credit memo #%s comment added"
"Credit memo #%s created","Credit memo #%s created"
"Credit memo\'s total must be positive.","Credit memo\'s total must be positive."
"Currency","Tiền tệ"
"Currency ""%s"" is used as %s in %s.","""%s"" tiền tệ được dùng như là %s trong %s."
"Currency Information","Thông tin tiền tệ"
"Currency Setup Section","Mục thiết lập tiền tẹ"
"Current Configuration Scope:","Phạm vị cấu hình hiện tại:"
"Current Month","Tháng hiện tại"
"Custom","Custom"
"Custom Variable ""%s""","Custom Variable ""%s"""
"Custom Variables","Custom Variables"
"Customer","Customer"
"Customer Group:","Nhóm khách hàng:"
"Customer Groups","Nhóm khách hàng"
"Customer Name","Tên khách hàng"
"Customer Reviews","Xem lại khách hàng"
"Customer Shopping Carts","Shopping Carts của khách hàng"
"Customer Since:","Là khách hàng từ:"
"Customer Tax Classes","Customer Tax Classes"
"Customer with the same email already exists.","Khách hàng này sử dụng trùng email."
"Customers","Khách hàng"
"Customers by Number of Orders","Khách hàng bởi số lượng đặt hàng"
"Customers by Orders Total","Khách hàng bởi tổng số lần đặt hàng"
"DHTML Date/Time Selector","DHTML Date/Time Selector"
"Dashboard","Dashboard"
"Data Format","Định dạng lại dữ liệu"
"Data transfer:","Truyền dữ liệu:"
"Database","Cơ sở dữ liệu"
"Dataflow - Advanced Profiles","Luồng dữ liệu - Thông tin thêm"
"Dataflow - Profiles","Luồng dữ liệu - Thông tin"
"Date","Ngày tháng"
"Date & Time","Ngày tháng và thời gian"
"Date Added","Thêm ngày tháng"
"Date Updated","Cập nhật ngày tháng"
"Date selection:","Chọn ngày tháng:"
"Date selector","Chọn ngày tháng:"
"Day","Ngày"
"Decimal separator:","Decimal separator:"
"Default (Admin) Values","Giá trị Admin mặc định"
"Default Billing Address","Địa chỉ hóa đơn mặc định"
"Default Config","Cấu hình mặc định"
"Default Template from Locale","Template mặc định từ Locale"
"Default Values","Giá trị mặc định"
"Default display currency ""%s"" is not available in allowed currencies.","Hiển thị giá trị ""%s"" mặc định không có sẳn trong đơn vị tiền tệ được cho phép."
"Default scope","Phạm vi mặc định"
"Delete","Xóa"
"Delete %s","%s bị xóa"
"Delete %s '%s'","%s '%s' bị xóa"
"Delete File","File bị xóa"
"Delete Image","Hình ảnh bị xóa"
"Delete Profile","Thông tin bị xóa"
"Delete Role","Role bị xóa"
"Delete Store","Xóa Store"
"Delete Store View","Xóa Store View"
"Delete Template","Xóa Template"
"Delete User","Xóa người dùng"
"Delete Website","Xóa Website"
"Description","Mô tả"
"Design","Thiết kế"
"Design Section","Mục thiết kế"
"Details","Chi tiết"
"Developer Section","Mục phát triển"
"Direction:","Hướng:"
"Disable","ẩn đi"
"Disabled","ẩn đi"
"Display %s first"," %s được hiển thị đầu tiên"
"Display default currency","Hiển thị mặc định tiền tệ"
"Distributed under GNU LGPL. See %s for details.","Distributed under GNU LGPL. See %s for details."
"Do you really want to KILL parallel process and start new indexing process?","Do you really want to KILL parallel process and start new indexing process?"
"Do you really want to proceed?","Bạn muốn xử lý không?"
"Download","Download"
"Downloads","Downloads"
"Drag to move","Kéo để di chuyển"
"Drop-down","Bỏ xuống"
"Edit","Sửa"
"Edit Design Change","Chỉnh sửa việc thay đổi thiết kế"
"Edit Email Template","Chỉnh sửa Email Template"
"Edit Order","Chỉnh sửa hóa đơn"
"Edit Poll","Chỉnh sửa câu bình chọn"
"Edit Queue","Chỉnh sửa Queue"
"Edit Review","Chỉnh sửua Review"
"Edit Role","Chỉnh sửa Role"
"Edit Store View","Chỉnh sửa Store View"
"Edit System Template","Chỉnh sửa system Template"
"Edit Template","Chỉnh sửa Template"
"Edit URL Rewrite","Chỉnh sửa URL Rewrite"
"Edit User","Chỉnh sửa người dùng"
"Edit User '%s'","Chỉnh sửa '%s' người dùng"
"Edit Website","Chỉnh sửa Website"
"Email","Email"
"Email Address:","Địac chỉ email:"
"Email Preview","xem lại email"
"Email to a Friend","Gởi email tới bạn"
"Email:","Email:"
"Enable","Kích họat"
"Enabled","Kích họat"
"Enclose Values In:","Đính kèm giá trị:"
"Entity Attributes","Thuộc tính Entity"
"Entity Type","Lọai Entity"
"Entity type:","Lọai Entity:"
"Error","Lỗi"
"Excel XML","Excel XML"
"Excl. Tax","Excl. Tax"
"Exclude media folder from backup","Trừ folder media từ việc sao lưu"
"Export","Xuất ra"
"Export CSV","Xuất CSV"
"Export Filters","Lọc việc xuất ra"
"Export to:","Xuất tới:"
"Export:","Xuất ra:"
"FTP Host","FTP Host"
"FTP Host[:Port]","FTP Host[:Port]"
"FTP Login","Đănt nhập FTP"
"FTP Password","Password FTP "
"FTP credentials","Uỷ quyền cho FTP "
"Failed to add a product to cart by id ""%s"".","Thất bại khi thêm một sản phẩm tới cart by id ""%s""."
"Failed to cancel the billing agreement.","Thất bại khi xóa đồng ý thanh tóan hóa đơn."
"Failed to clear the JavaScript/CSS cache.","Thất bại khi xóa  bộ nhớ cache JavaScript/CSS ."
"Failed to delete the billing agreement.","Thất bại khi xóa đồng ý thanh tóan hóa đơn."
"Failed to update the profile.","Thất bại khi cập nhật thông tin."
"Field","Trường"
"Field Mapping","Trường ánh xạ"
"File","File"
"File Information","Thông tin File"
"File System","File hệ thống"
"File mode","File mode"
"File name:","Tên File:"
"File size should be more than 0 bytes","Dung lượng size nên nhiều hơn 0 bytes"
"Finished profile execution.","Đã hòan thành việc thực thi thông tin."
"First Invoice Created Date","Tạo ngày tháng cho đơn hàng đầu tiên"
"First Name","First Name"
"First Name is required field.","Yêu cầu nhập first name."
"First Name:","First Name:"
"Fixed","Fixed"
"Flush Catalog Images Cache","Xóa bộ nhớ cache Catalog Images"
"Flush JavaScript/CSS Cache","Xóa bộ nhớ cache JavaScript/CSS"
"For category","Cho danh mục "
"For latest version visit: %s","Xem phiên bản: %s mới nhất"
"For product","Cho sản phẩm"
"Forgot Admin Password","Quên password admin"
"Forgot your password?","Quên password?"
"Forgot your user name or password?","Quên username or password?"
"From","Từ"
"GLOBAL","GLOBAL"
"Gb","Gb"
"General Information","Tạo thông tin"
"General Section","Mục thông tin chung"
"Get Image Base64","Lấy hình ảnh Base64"
"Get help for this page","Trợ giúp cho trang này"
"Give the verifier code to application administrator","Kiểm tra lại code đối với application administrator"
"Global Attribute","Thuộc tính global"
"Global Record Search","Tìm kiếm mẫu tin Global"
"Global Search","Tìm kiếm Global"
"Go Today","Go Today"
"Go to messages inbox","Đi đến messages inbox"
"Go to notifications","Đi đến thống báo"
"Google Base","Google Base"
"Google Sitemaps","Google Sitemaps"
"Grand Total","Grand Total"
"Grid (default) / List","Grid (default) / List"
"Grid Only","Grid Only"
"Group:","Group:"
"Guest","Guest"
"HTTP (unsecure)","HTTP (unsecure)"
"HTTPS (SSL)","HTTPS (SSL)"
"Help Us Keep Magento Healthy - Report All Bugs","Giúp chúng tôi duy trì Magento - Báo cáo lại tất cả các Bugs"
"Helper attributes should not be used in custom layout updates.","Thuộc tính hữu ích nên được dùng trong custom layout updates."
"Helper for options rendering doesn't implement required interface.","Helper for options rendering doesn't implement required interface."
"Home","Home"
"ID","ID"
"ID Path","ID Path"
"IP Address","Địac chỉ IP"
"IPN (Instant Payment Notification) Only","IPN (Instant Payment Notification) Only"
"If there is an account associated with %s you will receive an email with a link to reset your password.","If there is an account associated with %s you will receive an email with a link to reset your password."
"If this message persists, please contact the store owner.","Nếu thông điệp này vẫn còn, xin vui lòng liên hệ với store owner."
"Images (.gif, .jpg, .png)","Hình ảnh (.gif, .jpg, .png)"
"Images Cache","bộc nhớ cache Images"
"Import","Nhập"
"Import Service","Nhập Service"
"Import and Export","Nhập và xuất"
"Import and Export Tax Rates","Nhập và xuất Tax Rates"
"Import/Export","Nhập/Xuất"
"Import/Export Advanced","việc nhập/xuất nâng cao"
"Import/Export Profile","Thông tin nhập/xuất"
"Important: ","Quan trọng: "
"Imported <strong>%s</strong> records","Nhập <strong>%s</strong> mẫu tin"
"In","Trong"
"In Database:","Trong cơ sở dữ liệu:"
"In File:","Trong file:"
"Inactive","Inactive"
"Incl. Tax","Incl. Tax"
"Incoming Message","Thông điệp đến"
"Insert Variable...","Nhập biến..."
"Interactive","tương tác"
"Interface Locale: %s","Interface Locale: %s"
"Invalid Form Key. Please refresh the page.","Form sai. Xin vui lòng refresh trang này."
"Invalid Import Service Specified","Dịch vụ import sai được xác định"
"Invalid POST data (please check post_max_size and upload_max_filesize settings in your php.ini file).","dữ liệu POST sai (Xin vui lòng kiểm tra thiết lập post_max_size và upload_max_filesize trong file php.ini)."
"Invalid Secret Key. Please refresh the page.","Thông tin bí mật sai. Xin vui lòng refresh trang này."
"Invalid User Name or Password.","Sai User Name or Password."
"Invalid directory: %s","Đường dẫn: %s sai"
"Invalid email address ""%s"".","Địa chỉ email ""%s"" sai."
"Invalid email address.","Sai địa chi email."
"Invalid file: %s","Sai file: %s"
"Invalid input data for %s => %s rate","Sai dữ liệu nhập vào cho tỷ lệ %s => %s "
"Invalid parent block for this block","Lỗi block cha cho block này"
"Invalid parent block for this block.","Lỗi block cha cho block này."
"Invalid password reset token.","Invalid password reset token."
"Invalid sender name ""%s"". Please use only visible characters and spaces.","Invalid sender name ""%s"". Please use only visible characters and spaces."
"Invalid timezone","Sai timezone"
"Invalidated","Invalidated"
"Inventory Stock Status","Trạng thái Inventory Stock"
"Invoice #%s comment added","Invoice #%s comment Thêm #%s comment đơn hàng"
"Invoice #%s created","Tạo ra #%s đơn hàng "
"Invoice History","Lịch sử đơn hàng"
"Invoice Totals","Tổng đơn hàng"
"Invoice canceling error.","Invoice canceling error."
"Invoice capturing error.","Invoice capturing error."
"Invoice voiding error.","Invoice voiding error."
"Invoices","Invoices"
"Is Closed","Is Closed"
"Issue Number","Issue Number"
"Items","Items"
"JavaScript seems to be disabled in your browser.","Javascript dường như bị đóng trên trình duyệt."
"JavaScript/CSS","JavaScript/CSS"
"JavaScript/CSS Cache","JavaScript/CSS Cache"
"Kb","Kb"
"Last 24 Hours","Kéo dài 24 giờ"
"Last 5 Orders","5 đơn hàng cuối cùng"
"Last 5 Search Terms","5 Search Terms cuối cùng"
"Last 7 Days","7 ngày đầu tiên"
"Last Credit Memo Created Date","Ngày giờ tạo ra Credit Memo cuối cùng"
"Last Invoice Created Date","Ngày giờ tạo ra đơn hàng cuối cùng"
"Last Logged In (%s):","Lần Login trong (%s) cuối cùng: "
"Last Logged In:","Lần Logged in cuối cùng:"
"Last Name","Last Name"
"Last Name is required field.","Yêu cầu nhập Last Name."
"Last Name:","Last Name:"
"Last updated: %s. To refresh last day\'s <a href=""%s"">statistics</a>, click <a href=""%s"">here</a>.","Last updated: %s. To refresh last day\'s <a href=""%s"">statistics</a>, click <a href=""%s"">here</a>."
"Latest Message:","Thông điệp cuối cùng:"
"Layered Navigation Indices","Layered Navigation Indices"
"Layered Navigation Indices were refreshed.","Layered Navigation Indices were refreshed."
"Leave empty to use tax identifier","Để trống để dùng tax identifier"
"Lifetime Sales","Lifetime Sales"
"Lifetime statistics have been updated.","Thống kê Lifetime được cập nhật."
"Links","Links"
"Links with associated products will retain only after saving current product.","Links kết hợp với sản phẩm sẽ được dùng sau khi lưu sản phẩm hiện tại."
"List (default) / Grid","List (default) / Grid"
"List Only","List Only"
"Load Template","Tải Template"
"Load default template","Tải default template"
"Loading...","Tải..."
"Local Server","Local Server"
"Local/Remote Server","Local/Remote Server"
"Locale","Locale"
"Log In","Đăng nhập"
"Log Out","Đăng xuất"
"Log in to Admin Panel","Đăng nhập vào Admin Panel"
"Log in to use <strong>%s</strong>","Đăng nhập để sử dụng <strong>%s</strong>"
"Log into Magento Admin Page","Đăng nhập vào trang admin"
"Logged in as %s","Đăng nhập như %s"
"Login","Đăng nhập"
"Low Stock","Low Stock"
"MAJOR","MAJOR"
"MINOR","MINOR"
"MS Excel XML","MS Excel XML"
"Magento Admin","Magento Admin"
"Magento Commerce - Administrative Panel","Magento Commerce - Administrative Panel"
"Magento Connect","Kết nối đến Magento"
"Magento Connect Manager","Magento Connect Manager"
"Magento Logo","Magento Logo"
"Magento is a trademark of Magento Inc. Copyright &copy; %s Magento Inc.","Magento is a trademark of Magento Inc. Copyright &copy; %s Magento Inc."
"Magento root directory","Thư mục gốc của Magento"
"Magento ver. %s","Phiên bản . %s của Magento"
"Magento&trade; is a trademark of Magento Inc.<br/>Copyright &copy; %s Magento Inc.","Magento&trade; is a trademark of Magento Inc.<br/>Copyright &copy; %s Magento Inc."
"Make sure that data encoding in the file is consistent and saved in one of supported encodings (UTF-8 or ANSI).","Make sure that data encoding in the file is consistent and saved in one of supported encodings (UTF-8 or ANSI)."
"Manage Attribute Sets","Quản lý một tập các thuộc tính"
"Manage Attributes","Quản lý thuộc tính"
"Manage Categories","Quản lý danh mục"
"Manage Content","Quản lý nội dung"
"Manage Currency Rates","Quản lý tỷ giá tiền tệ"
"Manage Customers","Quản lý khách hàng"
"Manage Ratings","Quản lý Rating"
"Manage Stores","Quản lý Stores"
"Manage Tax Rules","Quản lý Tax Rules"
"Manage Tax Zones and Rates","Quản lý Tax Zones and Rates"
"Manual","Manual"
"Matched Expression","Matched Expression"
"Mb","Mb"
"Media (.avi, .flv, .swf)","Media (.avi, .flv, .swf)"
"Media storages synchronization has completed!","Media storages synchronization has completed!"
"Messages Inbox","Messages Inbox"
"Month","Month"
"Most Viewed","Xem nhiều nhất"
"Most Viewed Products","Sản phẩm xem nhiều nhất"
"Multiple Select","Nhiều lựa chọn"
"My Account","Tài khỏan của tôi"
"My Applications","My Applications"
"N/A","N/A"
"NOTICE","NOTICE"
"Name","Tên"
"Name:","Tên:"
"Never (production)","Never (production)"
"New ","New "
"New API Key","New API Key"
"New Accounts","Tài khỏan mới"
"New Attribute","Thuộc tính mới"
"New Block","Block mới"
"New Category","Danh mục mới"
"New Class","Class mới"
"New Condition","Điều kiện mới"
"New Custom Variable","Biến mới"
"New Customer","Khách hàng mới"
"New Customers","Khách hàng mới"
"New Design Change","Thay đổi thiết kế mới"
"New Email Template","Emai Template mới"
"New Group","Nhóm mới"
"New Invoice","Đơn hàng mới"
"New Item Type","Loai Item mới"
"New Memo","Memo mới"
"New Memo for #%s","#%s Memo mới "
"New Page","Trang mới"
"New Password","Password mới"
"New Poll","Câu bình chọn mới"
"New Profile","Thông tin mới"
"New Rate","Rate mới"
"New Rating","Rating mới"
"New Review","Review mới"
"New Role","Role mới"
"New Rule","Rule mới"
"New Search","Tìm kiếm mới"
"New Set","Set mới"
"New Shipment","Shipment mới"
"New Sitemap","Sitemap mới"
"New Store View","Store View mới"
"New System Template","Hệ thóng Template mới"
"New Tag","Tag mới"
"New Template","Template mới"
"New User","Người dùng mới"
"New Variable","Biến mới"
"New Website","Website mới"
"New password field cannot be empty.","Trường password mới không thể rỗng."
"Newsletter","Newsletter"
"Newsletter Problems","Newsletter Problems"
"Newsletter Queue","Newsletter Queue"
"Newsletter Subscribers","Newsletter Subscribers"
"Newsletter Templates","Newsletter Templates"
"Next month (hold for menu)","Next month (hold for menu)"
"Next year (hold for menu)","Next year (hold for menu)"
"No","No"
"No (price without tax)","No (price without tax)"
"No Data Found","Không tìm thấy dữ liệu"
"No Templates Found","Không tìm thấy template"
"No change","Không thay đổi"
"No customer id defined.","Không có id của khách hàng được xác định."
"No information available.","Không có thông tin."
"No profile loaded...","Không load được thông tin..."
"No records found for this period.","Không tìm thấy mẫu tin cho giai đọan này."
"No records found.","Không tìm thấy mẫu tin."
"No report code specified.","Không có code report được xác định."
"No search keywords.","Không tìm thấy từ khóa."
"No search modules were registered","Không tìm thấy modules được đăng ký"
"No wishlist item id defined.","không xác định đựơc id của item wishlist."
"None","Rỗng"
"Note:","Note:"
"Notes","Notes"
"Notifications","Chú ý"
"Number of Orders","Số lượng Hóa Đơn"
"Number of Uses","Số lượng dùng"
"Number of Views","Số lượng hiển thị"
"Number of records:","Số lượng mẫu tin:"
"OAuth Consumers","OAuth Consumers"
"OAuth authorization for admin","OAuth authorization for admin"
"OAuth authorization simple for admin","OAuth authorization simple for admin"
"OK","OK"
"Old rate:","Tỷ lệ củ:"
"Once you log into your PayPal Advanced account, navigate to the Service Settings - Hosted Checkout Pages - Set Up menu and set the options described below","Once you log into your PayPal Advanced account, navigate to the Service Settings - Hosted Checkout Pages - Set Up menu and set the options described below"
"Once you log into your PayPal Payflow Link account, navigate to the Service Settings - Hosted Checkout Pages - Set Up menu and set the options described below","Once you log into your PayPal Payflow Link account, navigate to the Service Settings - Hosted Checkout Pages - Set Up menu and set the options described below"
"One or more media files failed to be synchronized during the media storages syncronization process. Refer to the log file for details.","One or more media files failed to be synchronized during the media storages syncronization process. Refer to the log file for details."
"One or more of the Cache Types are invalidated:","Một hoặc nhiều lọai cache không có hiệu lực:"
"Online Customers","Khách hàng online"
"Only Once (version upgrade)","Chỉ nâng cấp được 1 phiên bản"
"Only attributes with scope ""Global"", input type ""Dropdown"" and Use To Create Configurable Product ""Yes"" are available.","Chỉ có thuộc tính với pham vị là ""Global"", Thuộc tính input là ""Dropdown"" và dùng để tạo ra sản phẩm configurable ""Yes"" là có sẳn."
"Only mapped fields","Chỉ ánh xa trường"
"Optional","Lựa chọn"
"Options","Chọn"
"Order","Hóa Đơn"
"Order #%s","Hóa Đơn #%s"
"Order #%s (%s)","Hóa Đơn #%s (%s)"
"Order Created Date","Ngày tạo ra Hóa đơn"
"Order ID","Order ID"
"Order Totals","Tổng hóa đơn"
"Order Updated Date","Ngày cập nhật hóa đơn"
"Order Updated Date report is real-time, does not need statistics refreshing.","Báo cáo ngày cập nhập hóa đơn là thời gian thực, không cần phải thống kê."
"Orders","Đơn hàng"
"Original Magento attribute names in first row:","Thuộc tính magento gốc trong dòng đầu tiên:"
"Out of stock","Out of stock"
"PDT (Payment Data Transfer) Only","PDT (Payment Data Transfer) Only"
"Package Extensions","Package Extensions"
"Pages","Trang"
"Parent Product Thumbnail","Parent Product Thumbnail"
"Parent Transaction ID","Parent Transaction ID"
"Passive mode","Passive mode"
"Password","Password"
"Password Confirmation","Xác nhận lại password"
"Password confirmation must be same as password.","Xác nhận lại password phải cùng tên với password."
"Password must be at least of %d characters.","Password phải chứa ít nhất %d ký tự."
"Password must include both numeric and alphabetic characters.","Password phải bao gồm cả ký tự số và chữ."
"Password:","Password:"
"Path:","Đường dẫn:"
"Payment method instance is not available.","Khởi tạo phương thức Payment không có tồn tại."
"Payment method is not available.","Phương thức Payment không có tồn tại."
"Payment method must be specified.","Phương thức Paymnt phải được xác định."
"Pending Reviews","Pending Reviews"
"Pending Tags","Pending Tags"
"Per Item","Per Item"
"Per Order","Per Order"
"Percent","Percent"
"Performed At","Performed At"
"Period","Period"
"Permanent (301)","Permanent (301)"
"Permissions","Cho phép"
"Personal Information","Thông tin cá nhân"
"Phone:","Điện thọai:"
"Please Select","Xin vui lòng chọn:"
"Please confirm site switching. All data that hasn\'t been saved will be lost.","Xin vui lòng xác nhận việc chuyển site. Tất cả dữ liệu không được save sẽ bị mất."
"Please enter 6 or more characters.","Xin vui lòng nhập 6 hoặc nhiều hơn 6 ký tự."
"Please enter a number greater than 0 in this field.","Xin vui lòng nhập một số lớn hơn 0 trong trường này."
"Please enter a valid $ amount. For example $100.00.",xin vui lòng nhập đúng số lượng $ . Ví dụ $100.00."
"Please enter a valid URL. For example http://www.example.com or www.example.com","Xin vui lòng nhập đúng URL. Ví dụ http://www.example.com or www.example.com"
"Please enter a valid URL. http:// is required","Xin vui lòng nhập đúng URL . http:// được yêu cầu "
"Please enter a valid credit card number.","Xin vui lòng nhập đúng số credit card."
"Please enter a valid date.","Xin vui lòng nhập đúng ngày tháng."
"Please enter a valid email address. For example johndoe@domain.com.","Xin vui lòng nhập đúng địa chỉ email. Ví dụ johndoe@domain.com."
"Please enter a valid email.","Xin vui lòng nhập đúng địa chỉ email."
"Please enter a valid number in this field.","Xin vui lòng nhập đúng số tròng trường này."
"Please enter a valid phone number. For example (123) 456-7890 or 123-456-7890.","Xin vui lòng nhập đúng số phone. Ví dụ (123) 456-7890 or 123-456-7890."
"Please enter a valid social security number. For example 123-45-6789.","Xin vui lòng nhập đúng số social security. Ví dụ 123-45-6789."
"Please enter a valid value from list","Xin vui lòng nhập đúng giá trị từ list"
"Please enter a valid value, ex: 10,20,30","Xin vui lòng nhập đúng giá trị, ex: 10,20,30"
"Please enter a valid zip code.","Xin vui lòng nhập đúng zip code."
"Please enter a valid zip code. For example 90602 or 90602-1234.","Xin vui lòng nhập đúng zip code. Ví dụ 90602 or 90602-1234."
"Please enter another credit card number to complete your purchase.","Xin vui lòng nhập số credit card khác để hòan thành việc chi trả."
"Please enter password","Xin vui lòng nhập password"
"Please enter password to confirm rollback.","Xin vui lòng nhập password để xác nhận việc rollback."
"Please enter valid password.","Xin vui lòng nhập đúng password."
"Please make sure that all global admin search modules are installed and activated.","Xin vui lòng chắc chắn rằng tất cả modules tìm kiếm của admin được cài đặt và kích họat."
"Please make sure that your changes were saved before running the profile.","Xin vui lòng chắc chắc chắn rằng sự thay đổi của bạn đã được lưu trước khi thực thi profile."
"Please make sure your passwords match.","Xin vui lòng chắc chắn rằng password của bạn là phù hợp."
"Please select State/Province.","Xin vui lòng chọn State/Province."
"Please select a customer.","Xin vui lòng chọn khách hàng."
"Please select a store.","Xin vui lòng chọn store."
"Please select an option.","Xin vui lòng chọn một option."
"Please select catalog searches.","Xin vui lòng chọn danh mục tìm kiếm."
"Please select customer(s).","Xin vui lòng chọn khách hàng."
"Please select message(s).","Xin vui lòng chọn thông điệp."
"Please select one of the above options.","Xin vui lòng chọn option phía trên."
"Please select one of the options.","Xin vui lòng chọn một options."
"Please select review(s).","Xin vui lòng chọn review(s)."
"Please select tag(s).","Xin vui lòng chọn tag(s)."
"Please specify backup creation options","Xin vui lòng xác định việc tạo ra options sao lưu"
"Please specify the admin custom URL.","Xin vuiu lòng xác định URL cho admin."
"Please try to logout and sign in again.","Xin vui lòng đăng suất và đăng nhập lại."
"Please type the letters from the image:","Xin vui lòng viết chữ theo hình ảnh:"
"Please use in this field only ""a-z,0-9,_"".","Xin vui lòng chỉ sử dụng  ký tự ""a-z,0-9,_"". trong trường này"
"Please use letters only (a-z) in this field.","Xin vui lòng chỉ sử dụng ký tự từ (a-z) trong trường này."
"Please use numbers only in this field. Please avoid spaces or other characters such as dots or commas.","Xin vui lòng chỉ sử dụng ký tự số trong trường này. Xin vui lòng tránh khỏang trắng hoặc là ký tự khác như là dấu chấm hoặc dấu phẩy."
"Please use only letters (a-z or A-Z), numbers (0-9) or spaces in this field.","Xin vui lòng chỉ sử dụng ký tự từ (a-z or A-Z), số từ (0-9) hoặc khỏang trắng trong trường này."
"Please use only letters (a-z) or numbers (0-9) only in this field. No spaces or other characters are allowed.","Xin vui lòng chỉ sử dụng ký tự từ (a-z) hoặc số từ (0-9) trong trường này. Không có khỏang trắng hoặc ký tự khác được chấp nhận."
"Please use only letters (a-z) or numbers (0-9) or spaces and # only in this field.","Xin vui lòng chỉ nhập vào những ký tự từ (a-z)  hoặc số từ(0-9) hoặc khỏang trắng và dấu # được sử dụng trong trường này."
"Please use this date format: dd/mm/yyyy. For example 17/03/2006 for the 17th of March, 2006.","Xin vui lòng sử dụng đinh dạng này : dd/mm/yyyy. Ví dụ 17/03/2006 cho ngày 17 tháng 3, 2006."
"Please wait while the indexes are being refreshed.","Xin vui lòng chờ khi indexes đang được refreshed."
"Please wait, loading...","Xin vui lòng chờ, đang tải..."
"Please wait...","Xin vui lòng chờ..."
"Please, add some answers to this poll first.","Xin vui lòng thêm một vài câu trả lời cho câu bình chọn này đầu tiên."
"Please, select ""Visible in Stores"" for this poll first.","Xin vui lòng chọn ""Visible in Stores"" cho câu bình chọn này đầu tiên."
"Poll Manager","Quản lý câu bình chọn"
"Polls","Câu bình chọn"
"Popular","Phổ biến"
"Position of Watermark for %s","Vị trí của Watermark cho %s"
"Pregenerated product images files.","Tạo lại files hình ảnh cho sản phẩm."
"Prev. month (hold for menu)","Tháng trước (giữ menu)"
"Prev. year (hold for menu)","Năm trước (giữ menu)"
"Preview","Xem lại"
"Preview Template","Xem lại Template"
"Price","Giá"
"Price alert subscription was saved.","Price alert subscription was saved."
"Price:","Price:"
"Processed <strong>%s%% %s/%d</strong> records","Xử lý <strong>%s%% %s/%d</strong> mẫu tin"
"Product","Sản phẩm"
"Product Name","Tên sản phẩm"
"Product Reviews","Xem lại sản phẩm"
"Product Tax Classes","Product Tax Classes"
"Product Thumbnail Itself","Product Thumbnail Itself"
"Product is not loaded.","Không tải được sản phẩm."
"Product:","Sản phẩm:"
"Products","Sản phẩm"
"Products Bestsellers Report","Báo cáo người bán sản phẩm giỏi nhất"
"Products Most Viewed Report","Báo cáo sản phẩm được xem nhiều nhất"
"Products Ordered","Sản phẩm được đặt hàng"
"Products in Carts","Sản phẩm trong giỏ hàng"
"Profile Action","Profile Action"
"Profile Actions XML","Profile Actions XML"
"Profile Direction","Profile Direction"
"Profile History","Profile History"
"Profile Information","Profile Information"
"Profile Name","Profile Name"
"Profile Payments","Profile Payments"
"Profile Schedule","Profile Schedule"
"Profile Wizard","Profile Wizard"
"Profiles","Profiles"
"Promo","Promo"
"Promotions","Quảng cáo"
"Purchased Item","Mua bán một Item"
"Put store on the maintenance mode while backup creation","Đặt store ở trạng thái bảo hành khi tạo ra sao lưu"
"Put store on the maintenance mode while rollback processing","Đặt store ở trạng thái bảo hành khi xử lý việc rollback"
"Quantity","Số lượng"
"Queue Refresh","Queue Refresh"
"Queued... Cancel","Queued... Cancel"
"REST Roles","REST Roles"
"Radio Buttons","Radio Buttons"
"Rates","Rates"
"Read details","Đọc chi tiết"
"Rebuild","Xây dựng lại"
"Rebuild Catalog Index","Xây dưng lại Catalog Index"
"Rebuild Flat Catalog Category","Xây dựng lại danh mục Flat Catalog "
"Rebuild Flat Catalog Product","Xây dựng lại sản phẩm Flat Catalog "
"Recent Orders","Đặt hàng ở hiện tại"
"Recent statistics have been updated.","Thống kê hiện tại đã được cập nhật."
"Recurring Profile View","Recurring Profile View"
"Recursive Dir","Recursive Dir"
"Redirect","Redirect"
"Reference","Reference"
"Reference ID","Reference ID"
"Refresh","Refresh"
"Refresh Now*","Refresh Now*"
"Refresh Statistics","Refresh Statistics"
"Region/State","Region/State"
"Regular Price:","Regular Price:"
"Reject","Bỏ qua"
"Reject token authorization Pop Up for admin","Reject token authorization Pop Up for admin"
"Reject token authorization for admin","Reject token authorization for admin"
"Rejection Of Authorization","Rejection Of Authorization"
"Release","Release"
"Release Stability","Release Stability"
"Release Version","Phiên bản mới"
"Reload captcha","Tại lại captcha"
"Remote FTP","Remote FTP"
"Remove","Rỡ bõ"
"Reports","Báo cáo"
"Request Path","Request Path"
"Required","Required"
"Reset","Reset"
"Reset Filter","Phục hồi lại Filter"
"Reset Password","Phục hồi lại password"
"Reset a Password","Phục hồi lại password"
"Resize","Resize"
"Resource Access","Truy cập tài nguyên"
"Resources","Tài nguyên"
"Results","Kết quả"
"Retrieve Password","Lấy Password"
"Return Html Version","Return Html Version"
"Revenue","Lợi nhuận"
"Reviews","Xem lại"
"Reviews and Ratings","Reviews and Ratings"
"Rewrite Rules","Rewrite Rules"
"Role ID","Role ID"
"Role Info","Role Info"
"Role Information","Role Information"
"Role Name","Role Name"
"Role Resources","Role Resources"
"Role Users","Role Users"
"Roles","Roles"
"Roles Resources","Roles Resources"
"Rotate CCW","Rotate CCW"
"Rotate CW","Rotate CW"
"Run","Run"
"Run Profile","Run Profile"
"Run Profile Inside This Window","Run Profile Inside This Window"
"Run Profile in Popup","Run Profile in Popup"
"Running... Kill","Running... Kill"
"SKU","SKU"
"SKU:","SKU:"
"SSL Error: Invalid or self-signed certificate","SSL Error: Invalid or self-signed certificate"
"Sales","Mua bán"
"Sales Report","Báo cáo mua bán"
"Samples","Ví dụ"
"Save","Lưu"
"Save & Generate","Lưu và tạo ra"
"Save Account","Lưu tài khỏan"
"Save Cache Settings","Lưu cấu hình cache"
"Save Config","Lưu cấu hình"
"Save Currency Rates","Lưu tỷ lệ tiền tệ"
"Save Profile","Lưu thông tin"
"Save Role","Lưu Role"
"Save Template","Lưu Template"
"Save User","Lưu người dùng"
"Save and Continue Edit","Lưu và tiếp tục cập nhật"
"Search","Tìm kiếm"
"Search Index","Tìm kiếm Index"
"Search Term","Search Term"
"Search Terms","Search Terms"
"Select","Chọn"
"Select All","Chọn tất cả"
"Select Category","Chọn danh mục"
"Select Date","Chọn ngày tháng"
"Select Range","Select Range"
"Select date","Chọn ngày tháng"
"Selected allowed currency ""%s"" is not available in installed currencies.","tiền tệ cho phép ""%s"" được chọn không có trong hệ thống tiền tệ được cài đặt."
"Selected base currency is not available in installed currencies.","Tiền tệ được chọn không có sẳn trong hệ thống tiền tệ được cài đặt."
"Selected default display currency is not available in allowed currencies.","Tiền tệ hiển thị mặc định không có sẳn trong hệ thống tiền tệ được cho phép."
"Selected default display currency is not available in installed currencies.","Tiền tệ được chọn không có sẳn trong hệ thống tiền tệ được cài đặt."
"Self-assigned roles cannot be deleted.","Self-assigned roles không thể bị xóa."
"Sender","Người gởi"
"Separate Email","Tách biệt Email"
"Shipment #%s comment added","Shipment #%s comment added"
"Shipment #%s created","Shipment #%s created"
"Shipment Comments","Shipment Comments"
"Shipment History","Shipment History"
"Shipments","Shipments"
"Shipping","Vận chuyển"
"Shipping Address","Địa chỉ vận chuyển"
"Shipping Address: ","Địa chỉ vận chuyển: "
"Shipping Origin","Shipping Origin"
"Shipping Price","Giá vận chuyển"
"Shipping address selection is not applicable","Địa chỉ vận chuyển được chọn không phù hợp"
"Shipping method must be specified.","Phương thức vận chuyển phải được xác định."
"Shipping method selection is not applicable","Phương thức vận chuyển được chọn không phù hợp"
"Shopping Cart","Giỏ hàng"
"Shopping Cart Price Rules","Shopping Cart Price Rules"
"Shopping Cart from %s","Giỏ hàng từ %s"
"Show By","Hiển thị bởi"
"Show Report For:","Hiển thị báo cáo cho:"
"Show Reviews","Hiển thị Reviews"
"Sitemap Information","Thông tin về Sitemap "
"Size for %s","Size for %s"
"Skip Category Selection","Bỏ qua chọn danh mục "
"Some items in this order have different invoice and shipment types. You can create shipment only after the invoice is created.","Một vài items trong đơn hàng này có nhiều lọai hóa đơn và phương thức vận chuyển khác nhau. Bạn chỉ có thể tạo phương thức vận chuyển sau khi hóa đơn được tạo ra."
"Some of the ordered items do not exist in the catalog anymore and will be removed if you try to edit the order.","Một vài Items trong đơn hàng không có trong danh mục và sẽ bị bỏ đi nếu sửa đơn hàng."
"Sorry, this feature is coming soon...","Xin lỗi, Tính năng này sẽ có liền...."
"Special Price:","Giá đặc biệt:"
"Specific Countries","Quốc gia cụ thể"
"Specified","Xác định"
"Specified profile does not exist.","Xác định thông tin không tồn tại."
"Spreadsheet Name:","Tên của Spreadsheet :"
"Start Date","Ngày bắt đầu"
"Starting profile execution, please wait...","Bắt đầu thực thi profile, xin vui lòng chờ..."
"State/Province:","Bang/Tỉnh:"
"Static Blocks","Static Blocks"
"Status","Trạng thái"
"Status:","Trạng thái:"
"Stock Quantity:","Số lượng Stock:"
"Stock notification was saved.","Thông báo Stock được lưu."
"Store","Store"
"Store Email Addresses Section","Chứa mục Email Address"
"Store View","Store View"
"Store:","Store:"
"Stores","Stores"
"Subject","Chủ đề"
"Submit","Submit"
"Subpackage cannot be conflicting.","Gói phụ không bị sung đột."
"Subtotal","Subtotal"
"Switch/Solo/Maestro Only","Switch/Solo/Maestro Only"
"Symbol","Symbol"
"Synchronization is required.","Đồng bộ hóa được yêu cầu."
"Synchronization of media storages has been successfully completed.","Đồng bộ hóa việc lưu trữ media đã hòan thành."
"Synchronize","Đồng bộ hóa"
"Synchronizing %s to %s","Synchronizing %s to %s"
"Synchronizing...","Synchronizing..."
"System","System"
"System Section","System Section"
"System busy","Hệ thống bận"
"Tags","Tags"
"Target Path","Target Path"
"Tax","Tax"
"Tb","Tb"
"Template","Template"
"Template Content","Template Content"
"Template Information","Template Information"
"Template Name","Template Name"
"Template Styles","Template Styles"
"Template Subject","Template Subject"
"Template Type","Template Type"
"Temporary (302)","Temporary (302)"
"Terms and Conditions","Terms and Conditions"
"Text","Text"
"The Catalog Rewrites were refreshed.","Refresh lại Catalog Rewrites."
"The CatalogInventory Stock Status has been rebuilt.","The CatalogInventory Stock Status has been rebuilt."
"The Comment Text field cannot be empty.","Trường Comment Text không thể rỗng."
"The Flat Catalog Product was rebuilt","Sản phẩm Flat Catalog đang được xây dựng lại"
"The JavaScript/CSS cache has been cleaned.","Bộ nhớ cache JavaScript/CSS đã bị xóa."
"The JavaScript/CSS cache has been cleared.","Bộ nhớ cache JavaScript/CSS đã bị xóa."
"The Layered Navigation indexing has been queued.","The Layered Navigation indexing has been queued."
"The Layered Navigation indexing queue has been canceled.","Layered Navigation indexing queue đã bị xóa."
"The Layered Navigation indices were refreshed.","The Layered Navigation indices were refreshed."
"The Layered Navigation process has been queued to be killed.","The Layered Navigation process has been queued to be killed."
"The Magento cache storage has been flushed.",Lưu trữ bộ nhớ cache đã bị xóa ."
"The URL Rewrite has been deleted.","URL Rewrite đã bị xóa."
"The URL Rewrite has been saved.","URL Rewrite đã được lưu."
"The account has been saved.","Tài khỏan đã được lưu."
"The archive can be uncompressed with <a href=""%s"">%s</a> on Windows systems","Nén có thể được giải nén với <a href=""%s"">%s</a> trong hệ thống của windown"
"The attribute set has been removed.","Một tập các thuộc tính được gỡ bỏ."
"The backup's creation process will take time.","Quá trình tạo ra bản sao lưu sẽ mất thời gian."
"The billing agreement has been canceled.","Đồng ý thanh tóan hóa đơn đã được bỏ qua."
"The billing agreement has been deleted.","Đồng ý thanh tóan hóa đơn đã được xóa."
"The cache storage has been flushed.","Lưu trữ bộ nhớ cache đã được xóa."
"The carrier needs to be specified.","carrier cần phải được xác định."
"The catalog index has been rebuilt.","catalog index đang được xây dựng lại."
"The catalog rewrites have been refreshed.","catalog rewrites đang được refreshed lại."
"The configuration has been saved.","Cấu hình đã được lưu."
"The credit memo has been canceled.","credit memo đã đựơc bỏ qua."
"The credit memo has been created.","credit memo đã được tạo ra."
"The credit memo has been voided.","credit memo đã bị mất hiệu lực."
"The custom variable has been deleted.","Đã xóa biến."
"The custom variable has been saved.","Đã xóa biến."
"The customer has been deleted.","Đã xóa khách hàng."
"The customer has been saved.","Khách hàng đã được lưu."
"The design change has been deleted.","Thay đổi thiết kế đã bị xóa."
"The design change has been saved.","Thay đổi thiết kế đã được lưu."
"The email address is empty.","Địa chỉ email rỗng."
"The email template has been deleted.","Email template đã bị xóa."
"The email template has been saved.","Email template đã được lưu."
"The flat catalog category has been rebuilt.","Flat catalog category đang được xây dựng lại."
"The group node name must be specified with field node name.","Một nhóm tên node phải được xác định với trường tên node."
"The image cache was cleaned.","Bộ nhớ cache về hình ảnh đã bị xóa."
"The image cache was cleared.","Bộ nhớ cache về hình ảnh đã bị xóa."
"The invoice and shipment have been created.","Hóa đơn và phương thức vận chuyển đã được tạo ra."
"The invoice and the shipment  have been created. The shipping label cannot be created at the moment.","Hóa đơn và phương thức vận chuyển đã được tạo ra. Tên phương thức vận chuyển không thể được tạo ở thời điểm hiện tại."
"The invoice has been canceled.","Đã bỏ qua hóa đơn."
"The invoice has been captured.","Đã lấy được invoice."
"The invoice has been created.","Đã tạo ra hóa đơn."
"The invoice has been voided.","Hóa đơn đã mất hiệu lực."
"The invoice no longer exists.","Hóa đơn không tồn tại nữa."
"The item %s (SKU %s) does not exist in the catalog anymore.","Item %s (SKU %s) không tồn tại trong danh mục nữa."
"The order does not allow creating an invoice.","Việc đơn hàng này không được phép tạo ra hóa đơn."
"The order no longer exists.","Việc đặt hàng này không tồn tại."
"The poll has been deleted.","Câu bình chọn đã bị xóa."
"The poll has been saved.","Câu bình chọn đã được lưu."
"The profile has been deleted.","Thông tin profile đã được xóa."
"The profile has been saved.","Thông tin profile đã được xóa."
"The profile has been updated.","Thông tin profile đã được cập nhật."
"The profile has no changes.","Thông tin profile không thay đổi."
"The profile you are trying to save no longer exists","Thông tin profile bạn cố gắng lưu không tồn tại"
"The rating has been deleted.","Rating đã bị xóa."
"The rating has been saved.","Đã lưu rating."
"The role has been deleted.","Đã xóa role."
"The role has been saved.","Đã lưu role."
"The role has been successfully saved.","Lưu thành công role."
"The search index has been rebuilt.","Search index đang được xây dựng lại."
"The shipment has been created.","Đã tạo ra phương thức vận chuyển."
"The shipment has been sent.","Đã gởi phương thức vận chuyển."
"The shipping label has been created.","Tên phương thức vận chuyển đã được tạo ra."
"The tag has been deleted.","Đã xóa tag."
"The tag has been saved.","Đã lưu tag."
"The transaction details have been updated.","Chi tiết giao dịch đã được cập nhật."
"The user has been deleted.","Đã xóa người dùng."
"The user has been saved.","Đã lưu người dùng."
"Themes JavaScript and CSS files combined to one file.","Themes JavaScript and CSS đã được kết hợp thành một file."
"There is an error in one of the option rows.","Có một lỗi trong một dòng lựa chọn."
"This Account is","Tài khỏan này là"
"This Email template no longer exists.","Email template này không tồn tại."
"This Role no longer exists","Role này không tồn tại"
"This Role no longer exists.","Role này không tồn tại."
"This account is","Tài khỏan này là"
"This account is inactive.","Tài khỏan này không được kích họat"
"This action cannot be undone.","Hành động này chưa hòan thành."
"This attribute set does not have attributes which we can use for configurable product","Một tập thuộc tính này không có thuộc tính mà chúng ta có thể sử dụng cho sản phẩm configurable"
"This attribute shares the same value in all the stores","Thuộc tính này chia sẽ cùng một giá trị ở hầu hết các stores"
"This is a demo store. Any orders placed through this store will not be honored or fulfilled.","Đây là store demo. bất cứ đơn hàng nào được đặt ở store này sẽ không được hòan thành"
"This is a required field.","Đây là trường được yêu cầu nhập."
"This product is currently disabled.","Không hỗ trợ sản phẩm này."
"This report depends on timezone configuration. Once timezone is changed, the lifetime statistics need to be refreshed.","Báo cáo này tùy thuộc vào cấu hình thời gian. Một khi thời gian thay đổi, thống kê về lifetime cần phải được refresh lại."
"This section is not allowed.","Mục này không được phép."
"This user no longer exists.","Không tồn tại người dùng này."
"Time","Thời gian"
"Time selection:","Chọn thời gian:"
"Time:","Thời gian:"
"Timeout limit for response from synchronize process was reached.","Giới hạn thời gian trả lời từ quá trình đồng bộ hóa đã đạt được."
"To","To"
"To cancel pending authorizations and release amounts that have already been processed during this payment, click Cancel.","To cancel pending authorizations and release amounts that have already been processed during this payment, click Cancel."
"To use PayPal Payflow Link, you must configure your PayPal Payflow Link account on the PayPal website.","Để sử dụng PayPal Link, bạn phải cấu hình tài khỏanPayPal Payflow link trên PayPal website."
"To use PayPal Payments Advanced, you must configure  your PayPal Payments Advanced account on the PayPal website.","Để sử dụng PayPal nâng cao, bạn phải cấu hình tài khỏanPayPal Payflow link trên PayPal website."
"Toggle Editor","Toggle Editor"
"Tools","Tools"
"Top 5 Search Terms","Top 5 Search Terms"
"Total","Tổng cộng"
"Total Invoiced","Tổng giá trị hóa đơn"
"Total Order Amount","Tổng giá trị đơn hàng"
"Total Refunded","Tổng giá trị trả lại"
"Total of %d record(s) have been deleted.","Tổng %d mẫu tin đã bị xóa."
"Total of %d record(s) have been updated.","Tổng %d mẫu tin đã được cập nhật."
"Total of %d record(s) were canceled.","Tổng %d mẫu tin đã được bỏ qua."
"Total of %d record(s) were deleted","Tổng %d mẫu tin đã bị xóa."
"Total of %d record(s) were deleted.","Tổng %d mẫu tin đã bị xóa."
"Total of %d record(s) were updated","Tổng %d mẫu tin đã được cập nhật."
"Total of %d record(s) were updated.","Tổng %d mẫu tin đã được cập nhật."
"Track Order","Track Order"
"Track this shipment","Track this shipment"
"Tracking number %s for %s assigned","Tracking number %s for %s assigned"
"Tracking number cannot be empty.","Số tracking không được rỗng."
"Transaction Data","Giao dịch dữ liệu"
"Transaction Details","Chi tiết giao dịch"
"Transaction ID","Transaction ID"
"Transaction Type","Lọai giao dịch"
"Transactional Emails","Giao dịch Emails"
"Transactions","Giao dịch"
"Try Magento Go for Free","Sử dụng miễn phí magento"
"Type","Type"
"Type:","Type:"
"URL Rewrite","URL Rewrite"
"URL Rewrite Information","Thông tin URL Rewrite "
"URL Rewrite Management","Quản lý URL Rewrite "
"Unable to cancel the credit memo.","Không thể bỏ credit memo."
"Unable to find a Email Template to delete.","Không thể xóa email template ."
"Unable to find a poll to delete.","Không thể xóa câu bình chọn."
"Unable to find a tag to delete.","Không thể xóa tag."
"Unable to find a user to delete.","Không thể xóa người dùng."
"Unable to initialize import model","Không thể quyền khởi tạo để thêm model"
"Unable to refresh lifetime statistics.","Không thể refresh thống kê lifetime ."
"Unable to refresh recent statistics.","Không thể refresh thống kê hiện tại."
"Unable to save the cron expression.","Không thể lưu cron expression."
"Unable to save the invoice.","Không thể lưu hóa đơn."
"Unable to send the invoice email.","Không thể gởi invoice email."
"Unable to send the shipment email.","Không thể gởi shipment email."
"Unable to update transaction details.","Không thể cập nhật chi tiết giao dịch."
"Unable to void the credit memo.","Không thể bỏ trống credit memo."
"Unknown","Không hiểu"
"Unlimited","Không giới hạn"
"Update","Update"
"Updated At","Updated At"
"Upload File","Upload File"
"Upload Files","Upload Files"
"Upload HTTP Error","Upload HTTP Error"
"Upload I/O Error","Upload I/O Error"
"Upload Security Error","Upload Security Error"
"Upload import file","Upload import file"
"Uploaded file is larger than %.2f kilobytes allowed by server","Upload file lớn hơn %.2f kilobyes được cho phép bởi server"
"Use All Available Attributes","Sử dụng tất cả các thuộc tính có sẳn"
"Use Config Settings","Sử dụng thiêt lập config"
"Use Default","Sử dụng mặc định"
"Use Default Value","Sử dụng giá trị mặc định"
"Use Default Variable Values","Sử dụng giá trị mặc định của biến"
"Use FTP Connection","Dùng kết nối FTP"
"Use Website","Dùng Website"
"Used Currently For","Dùng hiện tại cho"
"Used as Default For","Dùng mặc định cho"
"User Email","User Email"
"User ID","User ID"
"User Info","User Info"
"User Information","User Information"
"User Name","User Name"
"User Name is required field.","User Name is required field."
"User Name:","User Name:"
"User Password","User Password"
"User Role","User Role"
"User Roles","User Roles"
"User Roles Information","User Roles Information"
"User Type Resources","User Type Resources"
"User name","User name"
"Users","Users"
"VAT Number is Invalid","VAT Number is Invalid"
"VAT Number is Valid","VAT Number is Valid"
"Validation Results","Validation Results"
"Value","Value"
"Value Delimiter:","Value Delimiter:"
"Variable","Variable"
"Variable Code","Variable Code"
"Variable HTML Value","Variable HTML Value"
"Variable ID","Variable ID"
"Variable Name","Tên biến"
"Variable Plain Value","Variable Plain Value"
"Verifier code: %s","Mã số xác nhận: %s"
"View Actions XML","View Actions XML"
"View Full Size","Hiển thị tòan kích cỡ"
"View Memo","Hiển thị Memo"
"View Memo for #%s","View Memo for #%s"
"View Shipment","Hiển thị phương thức vận chuyển"
"View Statistics For:","Hiển thị thống kê:"
"Visibility:","Visibility:"
"Warning","Cảnh báo"
"Warning! Empty value can cause problems with CSV format.","Cảnh báo! giá trị rỗng có thể gây ra lỗi với định dạng CSV."
"Warning!\r\nThis action will remove this user from already assigned role\r\nAre you sure?","Cảnh báo!\r\n hành động này sẽ gỡ bỏ người dùng từ một role đã gán\r\n Bạn có chắc không?"
"Warning!\r\nThis action will remove those users from already assigned roles\r\nAre you sure?","Cảnh báo!\r\n hành động này sẽ gỡ bỏ người dùng từ một role đã gán\r\n Bạn có chắc không?"
"Warning: Please do not close the window during importing/exporting data","Cảnh bóa: xin vui lòng đừng đóng window suốt quá trình nhập/xuất dữ liệu"
"Watermark File for %s","Watermark File for %s"
"We appreciate our merchants\' feedback, please <a href=""#"" onclick=""surveyAction(\'yes\'); return false;"">take our survey</a> to provide insight on the features you would like included in Magento. <a href=""#"" onclick=""surveyAction(\'no\'); return false;"">Remove this notification</a>","We appreciate our merchants\' feedback, please <a href=""#"" onclick=""surveyAction(\'yes\'); return false;"">take our survey</a> to provide insight on the features you would like included in Magento. <a href=""#"" onclick=""surveyAction(\'no\'); return false;"">Remove this notification</a>"
"We\'re in our typing table, coding away more features for Magento. Thank you for your patience.","We\'re in our typing table, coding away more features for Magento. Thank you for your patience."
"Web Section","Web Section"
"Web Services","Web Services"
"Web services","Web services"
"Website","Website"
"What is this?","Cái này là cái gì?"
"Wishlist Report","Báo cáo Wishlist"
"Wishlist item is not loaded.","Không tải được wishlist item."
"Wrong account specified.","Xác định được tài khỏan sai."
"Wrong billing agreement ID specified.","Sai Bill ID được xác định."
"Wrong column format.","Sai định dạng cột."
"Wrong newsletter template.","Sai newsletter template."
"Wrong quote item.","Sai item quote."
"Wrong tab configuration.","Sai cấu hình tab."
"Wrong tag was specified.","tag sai được xác định."
"Wrong transaction ID specified.","Transaction ID được xác định sai."
"XML","XML"
"XML data is invalid.","Dữ liệu XML data sai."
"XML object is not instance of ""Varien_Simplexml_Element"".","Đối tượng XML không phải là thể hiện của ""Varien_Simplexml_Element""."
"YTD","YTD"
"Year","Năm"
"Yes","Yes"
"Yes (301 Moved Permanently)","Yes (301 Moved Permanently)"
"Yes (302 Found)","Yes (302 Found)"
"Yes (only price with tax)","Yes (only price with tax)"
"You cannot delete your own account.","Không thể xóa tài khỏan."
"You have %s unread message(s).","Bạn chưa đọc %s thư."
"You have %s unread message(s). <a href=""%s"">Go to messages inbox</a>.","Bạn chưa đọc %s thư. <a href=""%s"">đi đến inbox</a>."
"You have %s, %s and %s unread messages. <a href=""%s"">Go to messages inbox</a>.","Bạn chưa đọc %s, %s and %s thư. <a href=""%s"">đi đến inbox</a>."
"You have logged out.","Bạn đã đăng xuất."
"You have not enough permissions to use this functionality.","Bạn không đủ quyền để sử dụng chức năng này."
"You must have JavaScript enabled in your browser to utilize the functionality of this website.","Bạn phải mở Javascript trên trình duyệt để sử dụng tính năng của webiste."
"You need to specify order items.","Bạn cần phải xác định item trong đơn hàng."
"You will need to wait when the action ends.","Bạn cần phải chờ khi hành động kết thúc."
"Your answers contain duplicates.","Câu trả lời bị nhân đôi."
"Your password has been updated.","Password đã được cập nhật."
"Your password reset link has expired.","Liên kết phục hồi mật khẩu của bạn đã hết hạn."
"Your server PHP settings allow you to upload files not more than %s at a time. Please modify post_max_size (currently is %s) and upload_max_filesize (currently is %s) values in php.ini if you want to upload larger files.","Thiết lập PHP server cho phép bạn upload ile không nhiều hơn %s ở một thời điểm. Please modify post_max_size (currently is %s) and upload_max_filesize (currently is %s) values in php.ini if you want to upload larger files."
"Your web server is configured incorrectly. As a result, configuration files with sensitive information are accessible from the outside. Please contact your hosting provider.","Your web server is configured incorrectly. As a result, configuration files with sensitive information are accessible from the outside. Please contact your hosting provider."
"Zip/Postal Code","Zip/Postal Code"
"Zip/Postal Code:","Zip/Postal Code:"
"[ deleted ]","[ deleted ]"
"[GLOBAL]","[GLOBAL]"
"[STORE VIEW]","[STORE VIEW]"
"[WEBSITE]","[WEBSITE]"
"b","b"
"close","Đóng"
"critical","Đánh giá"
"example: ""sitemap/"" or ""/"" for base path (path must be writeable)","example: ""sitemap/"" or ""/"" for base path (path must be writeable)"
"example: sitemap.xml","example: sitemap.xml"
"failed","Thất bại"
"from","from"
"major","major"
"minor","minor"
"notice","chú ý"
"store(%s) scope","Phạm vi store(%s)"
"successful","Thành công"
"to","to"
"website(%s) scope","Phạm vi website(%s)"
"{{base_url}} is not recommended to use in a production environment to declare the Base Unsecure URL / Base Secure URL. It is highly recommended to change this value in your Magento <a href=""%s"">configuration</a>.","{{base_url}} is not recommended to use in a production environment to declare the Base Unsecure URL / Base Secure URL. It is highly recommended to change this value in your Magento <a href=""%s"">configuration</a>."
