"# of Use","# of Use"
"%1$s incl tax.","%1$s bao gồm thuế."
"%s - %s","%s - %s"
"%s Item(s)","%s Item(s)"
"%s and above","%s and above"
"(%d)","(%d)"
"(Copy data from: %s)","(Copy data from: %s)"
"* Required Fields","* Trường được yêu cầu"
"-- Please Select --","-- Xin vui lòng chọn --"
"86400 by default, if not set. To refresh instantly, Clear the Blocks HTML Output Cache.","86400 bởi mặc định, nếu không được thiết lập. Để khởi tạo refresh, Xóa Blocks HTML mà xuất ra Cache."
"<strong style=""color:red"">Warning!</strong> Applying MAP by default will hide all product prices on the frontend.","<strong style=""color:red"">Warning!</strong> Thực hiện MAP mặc định sẽ ẩn tất cả giá sản phẩm ở frontend."
"A group with the same name already exists.","Một nhóm cùng tên đã tồn tại ."
"A name is required","Tên được yêu cầu"
"A product type is not defined for the indexer.","Một lọai sản phẩm không được định nghĩa cho indexer."
"ALL GROUPS","Tất cả nhóm"
"AM","AM"
"Action","Action"
"Actual Price","Giá thật sự"
"Add","Thêm"
"Add Attribute","Thêm thuộc tính"
"Add Design Change","Thêm thay đổi thiết kế"
"Add Group","Thêm nhóm"
"Add Group Price","Thêm nhóm giá"
"Add New","Thêm mới"
"Add New Attribute","Thêm thuộc tính mới"
"Add New Attribute Set","Thêm một tập thuộc tính mới"
"Add New Group","Thêm nhóm mới"
"Add New Images","Thêm hình ảnh mới"
"Add New Option","Thêm tùy chọn mới"
"Add New Row","Thêm dòng mới"
"Add New Search Term","Thêm điều kiện tìm kiếm mới"
"Add New Set","Thêm thiết lập mới"
"Add Product","Thêm sản phẩm"
"Add Product To Websites","Thêm sản phẩm tới website"
"Add Root Category","Thêm danh mục gốc"
"Add Subcategory","Thêm danh mục con"
"Add Tax","Thêm thuế"
"Add Tier","Thêm tier"
"Add attribute into attribute set","Thêm thuộc tính vào tập thuộc tính"
"Add group into attribute set","Thêm nhóm vào trong tập thuộc tính"
"Add new custom option into product","Thêm một lựa chọn mới vào trong sản phẩm"
"Add new values into custom option","Thêm một giá trị mới vào lựa chọn"
"Add option","Thêm một lựa chọn"
"Add to Cart","Thêm vào giỏ hàng"
"Add to Compare","Thêm vào Compare"
"Add to Wishlist","Thêm vào Wishlist"
"Additional Information","Thông tin thêm"
"Alert Urls","Thông báo Urls"
"All","Tất cả "
"All Product Types","Tất cả lọai sản phẩm"
"All Websites","Tất cả Websites"
"All products of this set will be deleted! Are you sure you want to delete this attribute set?","Tất cả sản phẩm của thiết lập này sẽ bị xóa! Bạn có muốn xóa một tập thuộc tính này không?"
"Allow All Products per Page","Cho phép tất cả sản phẩm mỗi trang"
"Allow Dynamic Media URLs in Products and Categories","Cho phép URLs media động trong sản phẩm và danh mục"
"Allow HTML Tags on Frontend","Cho phép HTML tags ở frontend"
"Allowed File Extensions","File phần mở rộng được cho phép"
"Allowed file extensions to upload","File phần mở rộng được cho phép để upload"
"An error occurred while adding products to websites.","Một lỗi đã xuất hiện khi thêm sản phẩm vào website."
"An error occurred while clearing comparison list.","Một lỗi đã xuất hiện khi xóa comparison list."
"An error occurred while deleting this review.","Một lỗi đã xuất hiện khi xóa review này."
"An error occurred while removing products from websites.","Một lỗi đã xuất hiện khi gỡ bỏ sản phẩm từ webistes."
"An error occurred while saving the URL rewrite","Một lỗi đã xuất hiện khi lưu URL rewrite"
"An error occurred while saving the attribute set.","Một lỗi đã xuất hiện khi lưu một tập thuộc tính."
"An error occurred while saving the collection, aborting. Error message: %s","Một lỗi xuất hiện khi lưu collection,huỷ bỏ. Thông điệp lỗi: %s"
"An error occurred while saving the product. ","Một lỗi đã xuất hiện khi lưu sản phẩm. "
"An error occurred while saving the search query.","Một lỗi đã xuất hiện khi lưu câu truy vấn tìm kiếm."
"An error occurred while saving this group.","Một lỗi đã xuất hiện khi lưu nhóm này."
"An error occurred while saving this review.","Một lỗi đã xuất hiện khi lưu review này."
"An error occurred while trying to delete the category.","Một lỗi đã xuất hiện khi cố gắng xóa danh mục."
"An error occurred while updating the product(s) attributes.","Một lỗi đã xuất hiện khi cập nhật thuộc tính sản phẩm."
"An error occurred while updating the product(s) status.","Một lỗi đã xuất hiện khi cập nhật trạng thái sản phẩm."
"An invalid group ID is specified, skipping the record.","Nhóm ID sai được xác định, giữ mẫu tin."
"An invalid option ID is specified for %s (%s), skipping the record.","Tùy chọn ID sai được xác định %s (%s), giữ mẫu tin."
"An invalid store was specified.","Một store sai được xác định."
"Anchor Custom Text","Anchor Custom Text"
"Anchor Custom Title","Anchor Custom Title"
"Applicable to catalog products and categories only. Any media content will be inserted into editor as a static URL. It is not updated if the system configuration base URL changes.","Applicable to catalog products and categories only. Any media content will be inserted into editor as a static URL. It is not updated if the system configuration base URL changes."
"Apply MAP (Default Value)","Apply MAP (Default Value)"
"Apply To","Áp dụng cho"
"Approved","Chứng thực"
"Are you sure you want to delete this category?","Bạn có chắc là bạn muốn xóa danh mục này?"
"Are you sure you would like to remove all products from your comparison?","Bạn có chắc là bạn muốn gỡ bỏ tất cả sản phẩm từ comparison?"
"Are you sure you would like to remove this item from the compare products?","Bạn có chắc là bạn muốn gỡ bỏ item này từ sản phẩm compare?"
"Are you sure?","Bạn có chắc không?"
"As low as:","As low as:"
"Assign","Gán"
"Assign product link","Gán liên kết sản phẩm"
"Assign product to category","Gán sản phẩm cho danh mục"
"Assigned Products","Gán sản phẩm"
"Associated Products","Sản phẩm kết hợp"
"Attrib. Set Name","Tên tập thụôc tính"
"Attribute ""%s"" is invalid.","Thuộc tính ""%s"" sai."
"Attribute ""%s"" is required.","Thuộc tính ""%s"" được yêu cầu."
"Attribute Information","Thông tin thuộc tính"
"Attribute Model","Thuộc tính Model"
"Attribute Name:","Tên thuộc tính:"
"Attribute Set","Tập thuộc tính"
"Attribute Sets","Tập thuộc tính"
"Attribute add","Thêm thuộc tính"
"Attribute code is invalid. Please use only letters (a-z), numbers (0-9) or underscore(_) in this field, first character should be a letter.","Thuộc tính code sai. Xin vui lòng chỉ nhập ký tự từ (a-z), số (0-9) or dấu gạch dưới(_) trong trường này, Ký tự đầu tiên nên là ký tự chữ."
"Attribute group with the \"/name/\" name already exists","Nhóm thuộc tính với tên \"/tên/\" đã tồn tại"
"Attribute remove","Gỡ bỏ thuộc tính"
"Attribute with the same code already exists","Thuộc tính với cùng code đã tồn tại"
"Attributes","Thuộc tính"
"Attrribute names can be specified per store.","Tên thuộc tính cần phải được xác định mỗi store."
"Autogenerate","Tự động tạo ra"
"Availability:","sẳn sàng:"
"Back","Trở lại"
"Backend Model","Backend Model"
"Backend Table","Backend Table"
"Backend Table Title","Backend Table Title"
"Backorders","Backorders"
"Based On","Based On"
"Before Order Confirmation","Trước khi xác nhận việc đặt đặt hàng"
"Best Value","Giá trị tốt nhất"
"Block after Info Column","Block after Info Column"
"Bottom Block Options Wrapper","Bottom Block Options Wrapper"
"Bottom/Left","Bottom/Left"
"Bottom/Right","Bottom/Right"
"Browse By","Tìm bởi"
"Bundle Items","Bundle Items"
"Buy %1$s","Mua %1$s"
"Buy %1$s for","Mua %1$s cho"
"Buy %1$s for %2$s","Mua %1$s cho %2$s"
"Buy %1$s for %2$s (%3$s incl. tax) each","Mua %1$s cho %2$s (%3$s trừ thuế) mỗi sản phẩm"
"Buy %1$s for %2$s each","Mua %1$s cho %2$s mỗi sản phẩm"
"Cache Lifetime (Seconds)","Cache Lifetime (Seconds)"
"Cache refresh needed.","Cần phải refresh bộ nhớ cache."
"Can be Divided into Multiple Boxes for Shipping","Có thể chia thành nhiều box khác nhau để vận chuyển"
"Can be used only with catalog input type Dropdown","Có thể chỉ dùng catalog với lọai dropdown"
"Can be used only with catalog input type Dropdown, Multiple Select and Price","Có thể chỉ dùng catalog với lọai dropdown, Multiple Select và giá"
"Can\'t create image.","Không thể tạo hình ảnh."
"Cancel","Hủy bỏ"
"Cannot create image.","Không thể tạo hình ảnh."
"Cannot create writeable directory '%s'.","Không thể tạo ra thư mục '%s' writeable."
"Cart Item Attribute","Thuộc tính giỏ hàng"
"Catalog","Mục"
"Catalog Category (Anchor)","Mục danh mục (Anchor)"
"Catalog Category (Non-Anchor)","Mục danh mục (Non-Anchor)"
"Catalog Category (Without Subcategories)","Mục danh mục (Không có danh mục con)"
"Catalog Category Link","Mục Kêt nối danh mục"
"Catalog New Products List","Mục danh sách sản phẩm mới"
"Catalog Price Scope","Mục phạm vi giá "
"Catalog Product Compare List","Mục danh sách sản phẩm compare"
"Catalog Product Email to a Friend","Catalog Product Email to a Friend"
"Catalog Product Image Gallery Popup","Catalog Product Image Gallery Popup"
"Catalog Product Link","Mục kết nối sản phẩm"
"Catalog Product View (Any)","Mục Hiển thị sản phẩm (Any)"
"Catalog Product View (Configurable)","Mục Hiển thị sản phẩm (Configurable)"
"Catalog Product View (Grouped)","Mục Hiển thị sản phẩm(Grouped)"
"Catalog Product View (Simple)","Mục Hiển thị sản phẩm(Simple)"
"Catalog Product View (Virtual)","Mục Hiển thị sản phẩm (Virtual)"
"Catalog Section","Mục Catalog"
"Catalog Seo Sitemap (Category List)","Catalog Seo Sitemap (Category List)"
"Catalog Seo Sitemap (Category Tree)","Catalog Seo Sitemap (Category Tree)"
"Catalog Seo Sitemap (Common)","Catalog Seo Sitemap (Common)"
"Catalog Seo Sitemap (Product List)","Catalog Seo Sitemap (Product List)"
"Catalog URL Rewrites","Catalog URL Rewrites"
"Catalog product custom option values API","Giá trị API của sản phẩm Catalog "
"Catalog product custom options API","Tùy chọn API của sản phẩm Catalog "
"Catalog, Search","Catalog, Search"
"Categories","Danh mục"
"Categories Sitemap","Danh mục Sitemap"
"Category","Danh mục"
"Category API","Danh mục API"
"Category Data","Danh mục dữ liệu"
"Category Flat Data","Category Flat Data"
"Category Link Block Template","Danh mục liên kết tới Block Template"
"Category Link Inline Template","Category Link Inline Template"
"Category Products","Danh mục sản phẩm"
"Category Top Navigation","Danh mục điều hướng"
"Category URL Suffix","Category URL Suffix"
"Category attributes API","Danh mục thuộc tính API"
"Category move error","Lỗi di chuyển danh mục"
"Category move operation is not possible: parent category is equal to child category.","Họat động di chuyển danh mục là không thể: Danh mục cha bằng với danh mục con."
"Category move operation is not possible: the current category was not found.","Họat động di chuyển danh mục là không thể: Không tìm thấy danh mục hiện tại."
"Category move operation is not possible: the new parent category was not found.","Hành động di chuyển danh mục là không thể: Không tìm thấy danh mục cha."
"Category must be an instance of Mage_Catalog_Model_Category.","Category must be an instance of Mage_Catalog_Model_Category."
"Center","Trung tâm"
"Change","thay đổi"
"Change or Retrieve attribute store view","Thay đổi hoặc lấy được thuộc tính store view"
"Change status","Thay đổi trạng thái"
"Check items to add to the cart or","Kiểm items để thêm vào gỉo hàng"
"Choose an Option...","Chọn một tùy chọn..."
"Clear All","Xóa tất cả"
"Clear Price","Xóa giá"
"Click for price","Click chọn giá"
"Close Window","Đóng Window"
"Collapse All","Tất cả bị xóa"
"Comma-separated.","phân cách bởi dấu phấy."
"Comparable","Comparable"
"Comparable on Front-end","Comparable on Front-end"
"Comparable on the Frontend","Comparable on the Frontend"
"Compare","Compare"
"Compare Products","Compare Products"
"Conditions Combination","Kết hợp điều kiện"
"Configurable Product","Sản phẩm cấu hình"
"Configurable Product Settings","Thiết lập sản phẩm cấu hình"
"Configure Product","Sản phẩm cấu hình"
"Continue","Tiếp tục"
"Copy From Configurable","Copy từ cấu hình"
"Country/State","Quốc gia/Nước"
"Create","Tạo ra"
"Create (Upload)","Tạo ra (tải lên)"
"Create Empty","Tạo trống"
"Create Permanent Redirect for URLs if URL Key Changed","Tạo ra chuyển hướng cho URL tuyệt đối nếu URL chính thay đổi"
"Create Permanent Redirect for old URL","Tạo ra chuyển hướng tuyệt đối cho URL củ"
"Create Product Settings","Tạo ra thiết lập sản phẩm"
"Create Simple Associated Product","Tạo ra sản phẩm kết hợp đơn giản"
"Create attribute set based on another set","Tạo ra tập thuộc tính dựa trên tập thuộc tính khác"
"Create new attribute","Tạo ra thuộc tính mới"
"Create new category","Tạo ra danh mục mới"
"Create new product","Tạo ra sản phẩm mới"
"Cross-sells","Sản phẩm đã bán"
"Currently Shopping by:","Currently Shopping by:"
"Custom Design","Custom Design"
"Custom Options","Custom Options"
"Custom options","Custom options"
"Customer Group","Nhóm khách hàng"
"Customers Reviews","Xem lại khách hàng"
"Customers Tagged Product","Customers Tagged Product"
"Data Type for Saving in Database","Lọai dữ liệu để lưu vào cơ sở dữ liệu"
"Date & Time Custom Options","Tùy chọn Ngày tháng và thời gian"
"Date Fields Order","Date Fields Order"
"Date Subscribed","Ngày đặt mua"
"Datetime","Ngày tháng"
"Decimal","Thập phân"
"Declare attribute value saving scope","Khai báo phạm vi lưu giá trị thuộc tính"
"Default ""What's This"" Text Message","Default ""What's This"" Text Message"
"Default Popup Text Message","Tên thông điệp Popup mặc định"
"Default Price","Giá mặc định"
"Default Price Navigation Step","Bướt điều hướng giá mặc đinh"
"Default Qty","Số lượng mặc định"
"Default Values","Giá trị mặc định"
"Defines the base currency scope (""Currency Setup"" > ""Currency Options"" > ""Base Currency"").","Defines the base currency scope (""Currency Setup"" > ""Currency Options"" > ""Base Currency"")."
"Delete","Xóa"
"Delete Attribute","Xóa thuộc tính"
"Delete Attribute Set","Xóa tập thuộc tính"
"Delete Category","Xóa danh mục"
"Delete Group Price","Xóa nhóm giá"
"Delete Option","Xóa tùy chọn"
"Delete Row","Xóa dòng"
"Delete Search","Xóa tìm kiếm"
"Delete Selected Group","Xóa nhóm được chọn"
"Delete Tier","Xóa Tier"
"Delete attribute","Xóa thụôc tính"
"Delete category","Xóa danh mục"
"Delete product","Xóa sản phẩm"
"Depends on design theme","Tùy thuộc vào thiết kế theme"
"Design","Thiết kế"
"Details","Chi tiết"
"Disabled","Vô hiệu"
"Disallowed file type.","Không cho phép lọai file."
"Display Actual Price","Hiển thị giá thực"
"Display Price Interval as One Price","Display Price Interval as One Price"
"Display Product Count","Đếm số sản phẩm hiển thị"
"Display in Suggested Terms","Hiển thị trong giới hạn được đề nghị"
"Double click on a group to rename it","Double click vào nhóm để đổi tên nó"
"Double click on above image to view full picture","Double click vào hình ảnh phía trên để hiển thị tòan bộ ảnh"
"Downloadable Information","Thông tin sản phẩm Downloadable"
"Duplicate","nhân đôi"
"Duplicate website group price customer group.","Duplicate website group price customer group."
"Duplicate website tier price customer group and quantity.","Duplicate website tier price customer group and quantity."
"Duplicate website, country and state tax found.","Duplicate website, country and state tax found."
"E.g. {{media url=""path/to/image.jpg""}} {{skin url=""path/to/picture.gif""}}. Dynamic directives parsing impacts catalog performance.","E.g. {{media url=""path/to/image.jpg""}} {{skin url=""path/to/picture.gif""}}. Dynamic directives parsing impacts catalog performance."
"Edit","Edit"
"Edit Attribute Set '%s'","Sửa thiết lập thuộc tính '%s'"
"Edit Product Attribute","Sửa thuộc tính sản phẩm"
"Edit Product Attribute ""%s""","Sửa thuộc tính sản phẩm ""%s"""
"Edit Search","Sửa tìm kiếm"
"Edit Search '%s'","Sửa tìm kiếm '%s'"
"Edit Set Name","Sửa tên"
"Email","Email"
"Email to a Friend","Email tới bạn"
"Empty","Trống"
"Enable MAP","Cho phép MAP"
"Enable Qty Increments","Cho phép Tăng số lượng"
"Enable WYSIWYG","Cho phép WYSIWYG"
"Enabled","Được phép"
"Error during retrieval of option value: %s","Lỗi khi lấy giá trị tùy chọn: %s"
"Exclude","Không bao gồm"
"Expand All","Mở rộng tất cả"
"Failed","Thất bại"
"Failed to copy file %s. Please, delete media with non-existing images and try again.","Thât bại khi copy file %s. Xin vui lòng, Xóa media mà không tồn tại ảnh và thử lại."
"Failed to move file: %s","Thât bại khi di duyển file: %s"
"Feature Products","Đặc tính sản phẩm"
"Field is not complete","Trường này chưa hòan thành"
"File options format is not valid.","Định dạng tùy chọn file không đúng."
"File upload failed","Tải file thất bại"
"Filter model name must be declared.","Tên Filter model phải được khai báo."
"Filter must be an object. Please set correct filter.","Filter phải là một đối tượng. Xin vui lòng chọn đúng filter."
"Filterable (no results)","Filterable (không có kết quả)"
"Filterable (with results)","Filterable (với kết quả)"
"First Name","Tên"
"Fixed","Cố định"
"For internal use.","Chỉ dùng bên trong."
"For the last time placed.","For the last time placed."
"Frontend","Frontend"
"Frontend Model","Frontend Model"
"Frontend Properties","Thuộc tính Frontend"
"Gallery","Khung hình"
"General Information","Tòan bộ thông tin"
"Get full information about attribute with list of options","Lấy tất cả thông tin về thuộc tính với tất cả tùy chọn"
"Get full information about custom option in product","Lấy tất cả thông tin về tùy chọn sản phẩm"
"Get list of available custom option types","Lấy tất cả lọai tùy chọn có sẳn"
"Get list of non-default attributes by product type and attributes set","Lấy tất cả các thuộc tính không mặc định bởi lọai sản phẩm và tập thuộc tính"
"Get list of possible attribute types","Lấy tất cả lọai thuộc tính"
"Get special price","Lấy giá đặc biệt"
"Global","Tòan cục"
"Globally Editable","Globally Editable"
"Go to Home Page","Đi đến trang Home"
"Grid","Grid"
"Group add","Thêm nhóm"
"Group remove","Gỡ bỏ nhóm"
"Grouped Product","Sản phẩm được nhóm"
"Groups","Nhóm"
"Home","Home"
"ID","ID"
"ID: %s","ID: %s"
"If empty, the Category Name will be used","Nếu trống, tên danh mục sẽ được dùng"
"If empty, the Product Name will be used","Nếu trống, tên sản phẩm sẽ được dùng"
"If you do not specify an option value for a specific store view then the default (Admin) value will be used.","Nếu bạn không xác định giá trị tùy chọn cho một store view cụ thể khi đó giá trị Admin mặc định sẽ được dùng."
"Image","Hình ảnh"
"Image content is not valid base64 data.","Nội dung hình ảnh không đúng lọai base64."
"Image does not exist.","Hình ảnh không tồn tại"
"Image file was not found.","Không tìm thấy file hình ảnh"
"Image type and information need to be specified for each store view.","Lọai hình ảnh và thông tin cần được xác định cho mỗi store view."
"In Cart","Trong giỏ hàng"
"In Stock","Còn hàng"
"In stock","Còn hàng"
"Incl. Tax","Bao gồm thuế"
"Index product and categories URL rewrites","Index product and categories URL rewrites"
"Index product attributes for layered navigation building","Index product attributes for layered navigation building"
"Index product prices","Index product prices"
"Indexed category/products association","Indexed category/products association"
"Info","Info"
"Info Column Options Wrapper","Info Column Options Wrapper"
"Input Type","Input Type"
"Integer","Integer"
"Interval Division Limit","Interval Division Limit"
"Invalid Tier Prices","Invalid Tier Prices"
"Invalid attribute %s","Thuộc tính %s" sai"
"Invalid attribute option specified for attribute %s (%s), skipping the record.","Xác định tùy chọn thuộc tính sai cho thuộc tính %s (%s), Giữ mẫu tin."
"Invalid attribute set specified, skipping the record.","Tập thuộc tính sai được xác định , giữ mẫu tin."
"Invalid block: %s.","block: %s sai."
"Invalid category IDs.","Danh mục IDs sai."
"Invalid category.","Sai danh mục."
"Invalid image file type.","Sai lọai file hình ảnh."
"Invalid image type.","Sai lọai hình ảnh."
"Invalid option ID specified for %s (%s), skipping the record.","Tùy chọn ID sai được xác định %s (%s), Giữ mẫu tin."
"Invalid product type specified, skipping the record.","Lọai sản phẩm sai được xác định, giữ mẫu tin."
"Invalid store specified","Store sai được xác định"
"Invalid store specified, skipping the record.","Store sai được xác định, giữ mẫu tin."
"Invalid tier prices. The product is not associated to the requested website.","Sai tier prices. Sản phẩm không kết hợp tới yêu cầu của website."
"Inventory","Hàng tồn kho"
"Is Default","Mặc định"
"Is Required","Được yêu cầu"
"Items %s to %s of %s total","Items %s to %s of %s total"
"Items that you do not want to show in the catalog or search results should have status 'Disabled' in the desired store.","Items mà bạn không muốn hiển thị trong kết quả tìm kiếm và catalog nên có trạng thái 'Disabled' trong store mong muốn."
"Items that you don't want to show in the catalog or search results should have status 'Disabled' in the desired store.","Items mà bạn không muốn hiển thị trong kết quả tìm kiếm và catalog nên có trạng thái 'Disabled' trong store mong muốn."
"Keep your eyes open for our special Back to School items and save A LOT!","Keep your eyes open for our special Back to School items and save A LOT!"
"Label","Nhãn"
"Last Name","Họ"
"Last Notification","Thông báo cuối cùng"
"Layered Navigation","Layered Navigation"
"Learn More","Learn More"
"Line %d, Email: %s","Line %d, Email: %s"
"Line %d, SKU: %s","Line %d, SKU: %s"
"Link (Related, Up sell, Cross sell)","Liên kết (Related, Up sell, Cross sell)"
"Link product does not exist.","Sản phẩm kết nối không tồn tại."
"Link to a Specified Category","Kết nối đến một danh mục xác định"
"Link to a Specified Product","Kết nối đến một sản phẩm xác định"
"List","Liệt kê"
"List Mode","Trạng thái liệt kê"
"List of Products that are set as New","Liệt kê sản phẩm mà có thiết lập là New"
"List of types","Liệt kê lọai"
"Manage Attribute Sets","Quản lý tập thuộc tính"
"Manage Attributes","Quản lý thuộc tính"
"Manage Catalog Categories","Quản lý danh mục catalog"
"Manage Categories","Quản lý danh mục "
"Manage Label / Options","Quản lý nhản / tùy chọn"
"Manage Options (values of your attribute)","Quản lý tùy chọn (Giá trị của thuộc tính)"
"Manage Product Attributes","Quản lý thuộc tính sản phẩm"
"Manage Product Sets","Quản lý tập sản phẩm"
"Manage Products","Quản lý sản phẩm"
"Manage Stock","Quản lý hàng hóa"
"Manage Titles (Size, Color, etc.)","Quản lý tiêu đề (kích cỡ, màu, etc.)"
"Max Characters","Ký tự lớn nhất"
"Maximal Depth","Độ sậu nhất"
"Maximum Image Size","Kích cỡ hình ảnh lớn nhất"
"Maximum Number of Price Intervals","Số giá lớn nhất bên trong"
"Maximum Qty Allowed in Shopping Cart","Số lượng lớn nhất được phép trong giỏ hàng"
"Maximum allowed image size for '%s' is %sx%s px.","Kích cỡ hình ảnh được phép lớn nhất '%s' là %sx%s px."
"Maximum image height","Độ cao hình ảnh lớn nhất"
"Maximum image width","Độ rộng hình ảnh lớn nhất"
"Maximum number of characters:","Số ký tự tối đa:"
"Maximum number of price intervals is 100","Số giá cao nhất bên trong là 100"
"Media Image","Hình ảnh Media"
"Minimum Advertised Price","Giá tối thiểu được quảng cáo"
"Minimum Lines per Page","Dòng tối thiểu cho mỗi trang"
"Minimum Qty Allowed in Shopping Cart","Số lượng nhỏ nhất được phép trong giỏ hàng"
"Minimum Qty for Item\'s Status to be Out of Stock","Minimum Qty for Item\'s Status to be Out of Stock"
"Missing SKU, skipping the record.","Thiếu SKU, giữ mẫu tin."
"More Views","hiển thị thêm"
"Move","Di chuyển"
"Move category in tree","Di chuyển danh mục dạng cây"
"Must be in the allowed values list.","Phải nằm trong giá trị liệt kê cho phép."
"N/A","N/A"
"Name","Tên"
"Name in %s","Tên nằm trong %s"
"New Product","Sản phẩm mới"
"New Product Attribute","Thuộc tính sản phẩm mới"
"New Products","Sản phẩm mới"
"New Products Grid Template","New Products Grid Template"
"New Products List Template","New Products List Template"
"New Root Category","Danh mục gốc mới"
"New Search","Tìm kiếm mới"
"New Set Name","Tên mới"
"New Subcategory","Danh mục con mới"
"Next","Kế tiếp"
"No","Không"
"No image","Không hình ảnh"
"No layout updates","Không cập nhật layout"
"No options of this product are available.","Không có tùy chọn cho sản phẩm này."
"No product collections found.","No product collections found."
"None","không có"
"Not Visible Individually","Không hiển thị riêng rẻ"
"Notify Low Stock RSS","Thông báo stock RSS thấp"
"Notify for Quantity Below","Thông báo số lượng bên dưới"
"Number of Products to Display","Số sản phẩm hiển thị"
"Number of Uses","Số được dùng"
"Number of results","Số kết quả"
"Number of results (For the last time placed)","Số kết quả (Được lấy lần cuối cùng)"
"OK","OK"
"OR","Hoặc"
"Old Price:","Giá củ:"
"On Gesture","On Gesture"
"Option validation failed to add product to cart.","Kiểm tra tùy chọn thất bại khi thêm sản phẩm vào gỉo hàng."
"Option values","Giá trị tùy chọn"
"Option:","Tùy chọn:"
"Options","Tùy chọn"
"Options Control","Kiểm sóat tùy chọn"
"Options is required","Tùy chọn được yêu cầu"
"Our customer service is available 24/7. Call us at (555) 555-0123.","Dịch vụ khách hàng của chúng tôi luôn sẳn sàng 24/7. Gọi cho chúng tôi (555) 555-0123."
"Out of Stock","Hết hàng"
"Out of stock","Hết hàng"
"PM","PM"
"Page Title Separator","Tách tựa trang "
"Parent Category","Danh mục cha"
"Pending","Chờ"
"Pending Reviews RSS","Pending Reviews RSS"
"Percentage","Phần trăm"
"Please add rows to option.","Xin vui lòng thêm một dòng đến tùy chọn."
"Please be careful as once you click on the row it will load package data form the selected file and all unsaved form data will be lost.","Xin vui lòng cẩn thận khi click trên dòng nó sẽ load gói dữ liệu từ file được chọn và tất cả dữ liệu chưa được lưu lại sẽ bị mất."
"Please click on the Close Window button if it is not closed automatically.","Xin vui lòng click nút đóng nếu nó không tự động đóng."
"Please enter a new group name","Xin vui lòng nhập tên nhóm mới"
"Please refresh ""Catalog URL Rewrites"" and ""Product Attributes"" in System -> <a href=""%s"">Index Management</a>","Xin vui lòng refresh ""Catalog URL Rewrites"" và ""Thuộc tính sản phẩm"" trong hệ thống -> <a href=""%s"">Index Management</a>"
"Please select a static block ...","Xin vui lòng chọn một static block ..."
"Please select items.","Xin vui lòng chọn items."
"Please select one or more attributes.","Xin vui lòng chọn một hoặc nhiều thuộc tính."
"Please select product(s).","Xin vui lòng chọn sản phẩm."
"Please select products for attributes update","Xin vui lòng chọn thuộc tính cập nhật cho sản phẩm"
"Please specify date required option(s).","Xin vui lòng xác định tùy chọn được yêu cầu ngày tháng."
"Please specify the number of products, that will not be divided into subintervals.","Please specify the number of products, that will not be divided into subintervals."
"Please specify the product required option(s)","Xin vui lòng xác định sản phẩm được yêu cầu tùy chọn"
"Please specify the product required option(s).","Xin vui lòng xác định sản phẩm được yêu cầu tùy chọn."
"Please specify the product\'s option(s).","Xin vui lòng xác định sản phẩm được yêu cầu tùy chọn."
"Please specify the product\'s required option(s).","Xin vui lòng xác định sản phẩm được yêu cầu tùy chọn."
"Please specify the quantity of product(s).","Xin vui lòng xác định số lượng sản phẩm."
"Please specify time required option(s).","Xin vui lòng xác định tùy chọn yêu cầu thời gian."
"Please wait...","Xin vui lòng chờ..."
"Position","Vị trí"
"Position in Layered Navigation","Vị trí trong Layered Navigation"
"Position of attribute in layered navigation block","Vị trí thuộc tính trong layered navigation block"
"Prev","quay lại"
"Previous","quay lại"
"Price","Giá"
"Price Navigation Step Calculation","Bướt tính tóan điều hướng giá"
"Price Type","Lọai giá"
"Price is not available","Chưa có giá"
"Price values for options should be specified in system base currency.","Tùy chọn giá nên được xác định trong hệ thống tiền tệ."
"Price:","Giá:"
"Price: %s","Giá: %s"
"Print This Page","in trang này"
"Product","Sản phẩm"
"Product API","Sản phẩm API"
"Product Alerts","Thông báo của sản phẩm"
"Product Attribute","Thuộc tính sản phẩm"
"Product Attributes","Thuộc tính sản phẩm"
"Product Categories","Danh mục sản phẩm"
"Product Description","Mô tả sản phẩm"
"Product Extra Info","Thông tin thêm về sản phẩm"
"Product Flat Data","Product Flat Data"
"Product ID","Product ID"
"Product Image Placeholders","Product Image Placeholders"
"Product Image Watermarks","Product Image Watermarks"
"Product Images","Hình ảnh sản phẩm"
"Product Images API","Hình ảnh API của sản phẩm"
"Product In Websites","Sản phẩm trong Websites"
"Product Info Column","Cột thông tin sản phẩm"
"Product Information","Thông tin sản phẩm"
"Product Link Block Template","Product Link Block Template"
"Product Link Inline Template","Product Link Inline Template"
"Product Listing Sort by","Product Listing Sort by"
"Product Name","Tên sản phẩm"
"Product Prices","Giá sản phẩm"
"Product Reviews","Xem lại sản phẩm"
"Product Tags","Product Tags"
"Product Tier Price API","Product Tier Price API"
"Product Type","Lọai sản phẩm"
"Product URL Suffix","Product URL Suffix"
"Product View Extra Hint","Product View Extra Hint"
"Product attribute sets API","Tập thuộc tính API của sản phẩm"
"Product attributes API","Tập thuộc tính API của sản phẩm"
"Product collection expected.","Product collection expected."
"Product is not loaded","Sản phẩm không được tải"
"Product links API (related, cross sells, up sells)","Sản phẩm kết nối API (related, cross sells, up sells)"
"Product name","Tên sản phẩm"
"Product types API","Loại sản phẩm API"
"Product with this combination of attributes already associated to configurable.","Sản phẩm với thuộc tính kết hợp đã kết hợp vào sản phẩm configgurable."
"Products","Sản phẩm"
"Products Comparison List","Liệt kê sản phẩm Comparison "
"Products Information","Thông tin sản phẩm"
"Products Reviews","Xem lại sản phẩm"
"Products Sitemap","Products Sitemap"
"Products only","Chỉ có sản phẩm"
"Products per Page on Grid Allowed Values","Giá trị được chấp nhận trên grid của mỗi sản phẩm trên trang"
"Products per Page on Grid Default Value","Giá trị được chấp nhận trên grid của mỗi sản phẩm trên trang"
"Products per Page on List Allowed Values","Giá trị được chấp nhận trên grid của mỗi sản phẩm trên trang"
"Products per Page on List Default Value","Giá trị được chấp nhận trên grid của mỗi sản phẩm trên trang"
"Properties","Thuộc tính"
"Qty","Số lượng"
"Qty Increments","Tăng số lượng"
"Qty Uses Decimals","Số lượng dùng thập phân"
"Qty for Item\'s Status to Become Out of Stock","Qty for Item\'s Status to Become Out of Stock"
"Qty:","Số lượng:"
"Quantity","Số lượng"
"Quick Create","Tạo nhanh"
"Quick Overview","Xem tổng thể"
"Quick simple product creation","Tạo nhanh sản phẩm đơn"
"Records for ""","Records for """
"Redirect","Chuyển hướng"
"Redirect URL","Chuyển hướng URL"
"Regular Price:","Giá bình thường:"
"Related Products","Sản phẩm Related"
"Remove","Gỡ bỏ"
"Remove Product From Websites","Gỡ bỏ sản phẩm từ Websites"
"Remove This Item","Gỡ bỏ Item này"
"Remove attribute from attribute set","Gỡ bỏ thuộc tính từ tập thuộc tính"
"Remove attribute set","Gỡ bỏ tập thuộc tính"
"Remove custom option","Gỡ bỏ tùy chọn"
"Remove group from attribute set","Gỡ bỏ nhóm từ tập thuộc tính"
"Remove option","Gỡ bỏ tùy chọn"
"Remove product assignment","Remove product assignment"
"Remove product image","Gỡ bỏ hình ảnh sản phẩm"
"Remove product link","Gỡ bỏ liên kết sản phẩm"
"Remove value from custom option","Gỡ bỏ giá trị từ tùy chọn"
"Rename existing group","Sửa lại tên nhóm"
"Rename group","Sửa lại tên nhóm"
"Reorganize EAV category structure to flat structure","Tổ chức lại danh mục EAV thành cấu trúc flat"
"Reorganize EAV product structure to flat structure","Tổ chức lại cấu trúc sản phẩm EAV thành cấu trúc flat"
"Reset","Phục hồi"
"Results","Kết quả"
"Retrieve attribute data","Lấy dữ liêu thuộc tính"
"Retrieve attribute list","Lấy tất cả thuộc tính "
"Retrieve attribute options","Lấy tùy chọn thuộc tính"
"Retrieve categories tree","Lấy cây danh mục"
"Retrieve category attributes","Lấy thuộc tính danh mục"
"Retrieve category data","Lấy dữ liệu danh mục"
"Retrieve hierarchical tree","Lấy nhánh cây thư mục"
"Retrieve linked products","Lấy liên kết sản phẩm"
"Retrieve list of assigned products","Lấy danh sách sản phẩm được gán"
"Retrieve list of option values","Lấy danh sách giá trị tùy chọn"
"Retrieve list of product custom options","Lấy danh sách tùy chọn sản phẩm"
"Retrieve one level of categories by website/store view/parent category","Retrieve one level of categories by website/store view/parent category"
"Retrieve option value info","Lấy thông tin giá trị tùy chọn"
"Retrieve product","Lấy sản phẩm"
"Retrieve product attribute sets","Lấy tập thuộc tính sản phẩm"
"Retrieve product image","Lấy hình ảnh sản phẩm"
"Retrieve product image list","Lấy danh sách hình ảnh sản phẩm"
"Retrieve product image types","Lấy lọai hình ảnh sản phẩm"
"Retrieve product link type attributes","Lấy sản phẩm kết nối lọai thuộc tính"
"Retrieve product link types","Lấy sản phẩm kết nối tới lọai"
"Retrieve product tier prices","Retrieve product tier prices"
"Retrieve product types","Lấy lọai sản phẩm"
"Retrieve products data","Lấy dữ liệu sản phẩm"
"Retrieve products list by filters","Lấy danh sách sản phẩm bằng cách lọc"
"Reviews","Xem lại"
"Roll Over for preview","Cuộn qua để xem trước"
"Root","Gốc"
"SKU","SKU"
"SKU length should be %s characters maximum.","Độ sài SKU là %s tối đa ký tự."
"Save","Lưu"
"Save Attribute","Lưu thuộc tính"
"Save Attribute Set","Lưu tập thuộc tính"
"Save Category","Lưu danh mục "
"Save Search","Lưu tìm kiếm"
"Save and Continue Edit","Lưu và tiếp tục sửa"
"Saved %d record(s)","Lưu %d mẫu tin"
"Scope","Phạm vi"
"Scope must not be changed, because the attribute is used in configurable products.","Phạm vi không được thay đổi, bởi vì thuộc tính được dùng trong sản phẩm configurable ."
"Search","Tìm kiếm"
"Search Engine Optimizations","Tối ưu hóa việc tìm kiếm"
"Search Information","Tìm thông tin"
"Search Query","Tìm câu truy vấn"
"Search Term with such search query already exists.","Điều kiện tìm kiếm ở câu truy vấn tìm kiếm này đã tồn tại."
"Searchable","Searchable"
"See price before order confirmation.","Xem bảng giá trước khi xác nhận đặt hàng."
"Select Category...","Chọn danh mục..."
"Select Configurable Attributes ","Chọn thuộc tính Configurable "
"Select Product...","Chọn sản phẩm..."
"Select type of option","Chọn lọai tùy chọn"
"Select type options required values rows.","Select type options required values rows."
"Selected Product Types","Chọn lọai sản phẩm"
"Selected configuration is not available.","Cấu hình được chọn thì không có."
"Send Count","Send Count"
"Set Ascending Direction","Thiết lập theo chiều tăng dần"
"Set Descending Direction","Thiết lập theo chiều tăng dần"
"Set Name","Thiết lập tên"
"Set Root Category for Store","Thiết lập danh mục gốt cho store"
"Set root category for this store in the <a href=""%s"">configuration</a>","Thiết lập danh mục gốc cho store trong <a href=""%s"">cấu hình</a>"
"Set special price","Thiết lập giá đặc biệt"
"Set/Get current store view","Gán/lấy store view hiện tại"
"Settings","Thiết lập"
"Shop By","Shop By"
"Shopping Options","Tùy chọn mua hàng"
"Show","Hiển thị"
"Show Details","Hiển thị chi tiết"
"Show Tags","Hiển thị Tags"
"Simple Product","Sản phẩm đơn"
"Site Map","Site Map"
"Sitemap","Sitemap"
"Skip import row, is not valid value ""%s"" for field ""%s""","Bỏ qua dòng nhập, giá trị không đúng ""%s"" cho trường ""%s"""
"Skip import row, required field ""%s"" for the new customer is not defined.","Bỏ qua dòng nhập, Trường được yêu cầu ""%s"" cho khách hàng mới không được xác định."
"Skip import row, the value ""%s"" is invalid for field ""%s""","Bỏ qua dòng nhập, giá trị ""%s"" không đúng ở trường ""%s"""
"Skipping import row, required field ""%s"" for new products is not defined.","Bỏ qua dòng nhập, trường được yêu cầu ""%s"" cho sản phẩm mới không được xác định."
"Skipping import row, required field ""%s"" is not defined.","Bỏ qua dòng nhập, trường được yêu câù ""%s"" không được xác định."
"Skipping import row, store ""%s"" field does not exist.","Bỏ qua dòng nhập, store ""%s"" trường không tồn tại."
"Skipping import row, the value ""%s"" is not valid for the ""%s"" field.","Bỏ qua dòng nhập, giá trị ""%s"" không đúng ở trường ""%s"" ."
"Some of the processed products have no SKU value defined. Please fill it prior to performing operations on these products.","Một vài sản phẩm không có giá trị SKU được định nghĩa. Xin vui lòng hòan thành trước khi thực hiện hành động trên sản phẩm này."
"Some of the products below do not have all the required options. Please edit them and configure all the required options.","Một vài sản phẩm bên dưới không có tất cả tùy chọn được yêu cầu. Xin vui lòng sửa nó và cấu hình tất cả tùy chọn được yêu cầu."
"Sort By","Sắp xếp bởi"
"Sort Order","Sắp xếp theo thứ tự"
"Source Model","Source Model"
"Special Expires On: %s","Hết hạn đặc biệt vào : %s"
"Special Price:","Giá đặc biệt:"
"Special Price: %s",":Giá đặc biệt %s"
"Starting at:","Bắt đầu ở:"
"Static","Static"
"Static block and products","Static block và sản phẩm"
"Static block only","Chỉ là Static block"
"Status","Trạng thái"
"Stock Availability","Stock Availability"
"Store","Store"
"Store View","Store View"
"Stretch","Stretch"
"Subscribe to RSS Feed","Đăng ký RSS Feed"
"Super product attributes configuration","Super product attributes configuration"
"Synonym For","Synonym For"
"System Properties","Thuộc tính hệ thống"
"Tag Name","Tên Tag"
"Tax","Thuế"
"Template","Template"
"Text","Text"
"The Flat Catalog module has a limit of %2\$d filterable and/or sortable attributes. Currently there are %1\$d of them. Please reduce the number of filterable/sortable attributes in order to use this module","The Flat Catalog module has a limit of %2\$d filterable and/or sortable attributes. Currently there are %1\$d of them. Please reduce the number of filterable/sortable attributes in order to use this module"
"The attribute model is not defined","Kiểu thuộc tính không được định nghĩa"
"The attribute set has been saved.","Tập thuộc tính đã được lưu."
"The base directory to upload file is not specified.","Thư mục Upload file không được xác định."
"The category has been deleted.","Danh mục đã bị xóa."
"The category has been saved.","Danh mục đã được lưu."
"The comparison list was cleared.","Danh mục comparison đã được xóa."
"The file '%s' for '%s' has an invalid extension","File '%s' mà '%s' có phần mở rộng sai"
"The file '%s' you uploaded is larger than %s Megabytes allowed by server","File '%s' mà bạn đã uploaded lớn hơn %s Megabytes Được cho phép bởi server"
"The file you uploaded is larger than %s Megabytes allowed by server","File mà bạn đã uploaded lớn hơn %s Megabytes Được cho phép bởi server"
"The filters must be an array.","Filters phải là một mảng."
"The image contents is not valid base64 data.","File hình ảnh này không đúng dữ liệu base64."
"The image is not specified.","Hình ảnh không được xác định."
"The model collection resource name is not defined.","Tên resource collection không được định nghĩa."
"The product %s has been added to comparison list.","Sản phẩm %s đã được thêm vào danh sách comparison."
"The product %s has been removed from comparison list.","Sản phẩm %s đã được gỡ bỏ từ danh sách comparison."
"The product attribute has been deleted.","Thuộc tính sản phẩm đã được xóa."
"The product attribute has been saved.","Thuộc tính sản phẩm đã được lưu."
"The product has been created.","Sản phẩm đã được tạo."
"The product has been deleted.","Sản phẩm đã bị xóa."
"The product has been duplicated.","Sản phẩm đã được nhân đôi."
"The product has been saved.","Sản phẩm đã được lưu."
"The product has required options","Sản phẩm có tùy chọn được yêu cầu"
"The review has been deleted","Review đã được xóa"
"The review has been saved.","Review đã được lưu."
"The review was removed by another user or does not exist.","Review đựoc gỡ bỏ bởi người dùng khác hoặc không tồn tại."
"The search was deleted.","Tìm kiếm đã được xóa."
"The text is too long","Chữ quá dài"
"There are no %s available.","Không có sẳn %s."
"There are no customers for this alert","Không có khách hàng cho cái khuyến cáo này"
"There are no customers for this alert.","Không có khách hàng cho cái khuyến cáo này."
"There are no products matching the selection.","Không có sản phẩm phù hợp được chọn."
"There was an error while request processing.","Không có lỗi khi yêu cầu xử lý."
"This Attribute no longer exists","Thuộc tính này không tồn tại nữa"
"This attribute cannot be deleted.","Thuộc tính này không thể bị xóa."
"This attribute cannot be edited.","Thuộc tính này không thể được sửa."
"This attribute cannot be updated.","Thuộc tính này không thể cập nhật được."
"This attribute is used in configurable products.","Thuộc tính này được dùng cho sản phẩm configurable."
"This attribute is used in configurable products. You cannot remove it from the attribute set.","Thuộc tính này được dùng cho sản phẩm configurable. Bạn không thể gỡ bỏ nó từ tập thuộc tính."
"This attribute no longer exists","Thuộc tính này không tồn tại nữa"
"This attribute set no longer exists.","Tập thuộc tính không tồn tại nữa."
"This group contains attributes, used in configurable products. Please move these attributes to another group and try again.","Nhóm này chứa thuộc tính cho sản phẩm configurable.  Xin vui lòng di chuyển những thuộc tính này tới nhóm khác và thử lại."
"This group contains system attributes. Please move system attributes to another group and try again.","Nhóm này chứa thuộc tính hệ thống. Xin vui lòng di chuyển thuộc tính hệ thống này tới nhóm khác và thử lại."
"This is a required option","Đây là tùy chọn được yêu cầu"
"This product no longer exists.","Sản phẩm này không tồn tại."
"This search no longer exists.","Tìm kiếm này không tồn tại ."
"This setting will be applied when all prices in the specific price interval are equal.","Thiết lập này sẽ được thực thi khi tất cả giá bên trong một giá cụ thể bằng nhau."
"Tier Pricing","Giá Tier"
"Tile","Tựa đề"
"Time Format","Định dạng giờ"
"Title","Tựa đề"
"To reindex the enabled product(s), the store or product must be specified","Reindex để kích họat sản phẩm, store hoặc sản phẩm phải được xác định. "
"To see product price, add this item to your cart. You can always remove it later.","Để xem được giá, thêm item này vào giỏ hàng. Bạn có thể gỡ bỏ nó sau."
"Top/Left","Top/Left"
"Top/Right","Top/Right"
"Total Qty Base Items","Tổng số lượng dựa trên Items"
"Total incl. Tax: %1$s","Tổng cộng bao gồm thuế: %1$s"
"Total of %d record(s) have been deleted.","Tổng cộng %d mẫu tin đã được xóa."
"Total of %d record(s) have been updated.","Tổng cộng %d mẫu tin đã được cập nhật."
"Total of %d record(s) were updated","Tổng cộng %d mẫu tin đã được cập nhật"
"Type","Lọai"
"URL Rewrite Management","Quản lý URL Rewrite"
"Unable to complete this request.","Không thể hòan thành yêu cầu này."
"Unable to find a search term to delete.","Không thể tìm một thuật ngữ tìm kiếm để xóa."
"Unable to find an attribute to delete."," Không thể tìm một thuộc tính để xóa."
"Unable to get the product ID.","Không thể lấy ID sản phẩm."
"Unassigned Attributes","Không gán thuộc tính"
"Unknown EAV indexer type ""%s"".","Lọai indexer EAV không xác định ""%s""."
"Unknown attribute: %s.","Thuộc tính không xác định: %s."
"Unsupported product type ""%s"".","Không hổ trợ lọai sản phẩm ""%s""."
"Up-sells","Sản phẩm sắp bán"
"Update","Cập nhật"
"Update Attributes","Cập nhật thuộc tính"
"Update Tier Price","Cập nhật giá Tier"
"Update assigned product","Cập nhật sản phẩm được gán"
"Update attribute","Cập nhật thuộc tính"
"Update attributes","Cập nhật nhiều thuộc tính"
"Update category","Cập nhật danh mục"
"Update custom option of product","Cập nhật tùy chọn của sản phẩm"
"Update product","Cập nhật sản phẩm"
"Update product image","Cập nhật hình ảnh sản phẩm"
"Update product link","Cập nhât kết nối sản phẩm"
"Update product tier prices","Cập nhật giá Tier"
"Update value of custom option","Cập nhật giá trị của tùy chọn"
"Upload new product image ","Upload hình ảnh mới "
"Use Canonical Link Meta Tag For Categories","Use Canonical Link Meta Tag For Categories"
"Use Canonical Link Meta Tag For Products","Use Canonical Link Meta Tag For Products"
"Use Categories Path for Product URLs","Dùng đường dẫn danh mục cho URLs của sản phẩm"
"Use Config Settings","Dùng thiết lập cấu hình"
"Use Default Value","Dùng giá trị mặc định"
"Use Flat Catalog Category","Dùng danh mục Flat Catalog"
"Use Flat Catalog Product","Dùng sản phẩm Flat Catalog"
"Use In Layered Navigation","Dùng Layered Navigation"
"Use In Search Results Layered Navigation","Dùng Layered Navigation tìm kiếm kết quả"
"Use JavaScript Calendar",Dùng lịch Javascript"
"Use Static URLs for Media Content in WYSIWYG for Catalog","Use Static URLs for Media Content in WYSIWYG for Catalog"
"Use To Create Configurable Product","Dùng để tạo ra sản phẩm Configurable "
"Use Tree Like Category Sitemap","Dùng cây thư mục giống như là danh mục Sitemap"
"Use config","Dùng cấu hình"
"Use default","Dùng mặc định"
"Use for Promo Rule Conditions","Use for Promo Rule Conditions"
"Use four-digit year format.","Use four-digit year format."
"Use in Advanced Search","Dùng tìm kiếm nâng cao"
"Use in Layered Navigation","Dùng cho Layered Navigation"
"Use in Layered Navigation<br/>(Can be used only with catalog input type 'Dropdown')","Dùng ở Layered Navigation<br/>(Chỉ có dùng lọai input catalog là 'Dropdown')"
"Use in Quick Search","Dùng tìm kiếm nhanh"
"Used for Sorting in Product Listing","Được dùng cho sắp xếp danh sách sản phẩm"
"Used in Product Listing","Được dùng cho danh sách sản phẩm"
"Value for ""%s"" is invalid.","Giá trị ""%s"" không đúng."
"Value for ""%s"" is invalid: %s","Giá trị ""%s"" không đúng: %s"
"Varchar","Varchar"
"View as","Hiển thị như là"
"Virtual Product","Sản phẩm Virtual"
"Visibility","Visibility"
"Visible","Visible"
"Visible on Catalog Pages on Front-end","Visible on Catalog Pages on Front-end"
"Visible on Product View Page on Front-end","Visible on Product View Page on Front-end"
"WYSIWYG Editor","WYSIWYG Editor"
"Watermark","Watermark"
"Watermark Default Size","Watermark Default Size"
"Watermark Opacity, Percent","Watermark Opacity, Percent"
"Watermark Position","Watermark Position"
"We Also Recommend","Chúng tôi cũng đã đề nghị"
"Website","Website"
"Websites","Websites"
"What's this?","Cái này là cái gì?"
"Whether to show ""All"" option in the ""Show X Per Page"" dropdown.","If hiển thị tùy chọn là ""All"" trong dropdown ""Show X Per Page""."
"Will make search for the query above return results for this search.","Viết một câu truy vấn trên để trả về kết quả cho việc tìm kiếm này."
"Wrong BuyRequest instance in options group.","Sai thể hiện yêu cầu mua bán trong nhóm tùy chọn."
"Wrong configuration item instance in options group.","Sai mục cầu hình thể hiện trong nhóm tùy chọn."
"Wrong configuration item option instance in options group.","Sai mục cấu hình tùy chọn thể hiện trong nhóm tùy chọn."
"Wrong option instance type in options group.","Sai lọai thể hiện tùy chọn trong nhóm tùy chọn."
"Wrong option type to get group instance.","Sai lọai tùy chọn để lấy ra thể hiện nhóm."
"Wrong product instance type in options group.","Sai lọai thể hiện sản phẩm trong nhóm tùy chọn."
"Wrong product type filter specified","Sai lọai sản phẩm được xác định để filter"
"Wrong product type to extract configurable options.","Sai lọai sản phẩm để trích xuất tùy chọn cấu hình."
"Year Range","Year Range"
"Yes","Yes"
"You cannot remove system attribute from this set.","Bạn không thể gỡ bỏ thuộc tính hệ thống từ thiết lập này."
"You have no items to compare.","Bạn không có sản phẩm để so sánh."
"You may also be interested in the following product(s)","Bạn có thể sẽ thích những sản phẩm sau đây"
"Zoom In","Phóng nhỏ"
"Zoom Out","Phóng bự"
"and","và"
"and above","Và phía trên"
"categories","Danh mục"
"each","Mỗi"
"ex. http://domain.com","ex. http://domain.com"
"leave blank if its not an image","Để trống nếu không có hình ảnh"
"per page","Mỗi trang"
"products","Sản phẩm"
"px.","px."
"save","Lưu"
"select all","Chọn tất cả"
"unselect all","Không chọn tất cả"
"x","x"
